window,capture_start,capture_stop,usable_start,usable_stop,timestamp,center_frequency,noise_floor,average_power,minimum_power,peak_power,peak_frequency,dynamic_range,bin_width,fft_size,sample_rate,gain
1,23760000.0,26160000.0,24000000.0,25920000.0,2026-07-09T22:54:32.867670+00:00,24960000.0,-0.11001918629757482,-1.0623166273934601,-39.35903790775743,19.038065504401743,24960000.0,19.148084690699317,146.484375,16384,2400000.0,0.0
2,25295816.416593116,27695816.416593116,25535816.416593116,27455816.416593116,2026-07-09T22:54:32.942662+00:00,26495816.416593116,19.274496662122214,18.41612067390798,-45.452573051926315,40.08301773874959,26843277.354093116,20.808521076627375,146.484375,16384,2400000.0,0.0
3,26831632.83318623,29231632.83318623,27071632.83318623,28991632.83318623,2026-07-09T22:54:33.004117+00:00,28031632.83318623,16.168637087719045,15.390168864124083,-29.050724822574708,53.23052948205052,28799943.38006123,37.06189239433148,146.484375,16384,2400000.0,0.0
4,28367449.249779347,30767449.249779347,28607449.249779347,30527449.249779347,2026-07-09T22:54:33.063441+00:00,29567449.249779347,15.260523014986068,14.580749459411173,-24.509428699006456,53.343820522331995,28800017.609154347,38.083297507345925,146.484375,16384,2400000.0,0.0
5,29903265.666372463,32303265.666372463,30143265.666372463,32063265.666372463,2026-07-09T22:54:33.121473+00:00,31103265.666372463,15.741221396368797,15.030506376260355,-35.03048664101784,34.78035486937361,30393695.353872463,19.039133473004814,146.484375,16384,2400000.0,0.0
6,31439082.08296558,33839082.08296558,31679082.08296558,33599082.08296558,2026-07-09T22:54:33.180343+00:00,32639082.08296558,17.11521626504055,16.381046935556938,-40.0186270346411,33.127374104681365,33557978.56734058,16.012157839640814,146.484375,16384,2400000.0,0.0
7,32974898.499558695,35374898.499558695,33214898.499558695,35134898.499558695,2026-07-09T22:54:33.239623+00:00,34174898.499558695,17.66689557619462,16.958933477465713,-30.187046886263985,32.534853675601255,33528902.405808695,14.867958099406636,146.484375,16384,2400000.0,0.0
8,34510714.91615181,36910714.91615181,34750714.91615181,36670714.91615181,2026-07-09T22:54:33.298155+00:00,35710714.91615181,18.434122025159652,17.568368476240686,-18.839609029581307,35.39046495647739,34902853.58802681,16.956342931317735,146.484375,16384,2400000.0,0.0
9,36046531.332744926,38446531.332744926,36286531.332744926,38206531.332744926,2026-07-09T22:54:33.357398+00:00,37246531.332744926,19.699070007117832,18.876532546501245,-22.002928905558008,39.04421830790584,38399949.301494926,19.345148300788004,146.484375,16384,2400000.0,0.0
10,37582347.74933804,39982347.74933804,37822347.74933804,39742347.74933804,2026-07-09T22:54:33.416957+00:00,38782347.74933804,20.64619534792253,19.75319800550052,-22.065843460619085,43.45456014093006,38400023.53058804,22.808364793007534,146.484375,16384,2400000.0,0.0
11,39118164.16593116,41518164.16593116,39358164.16593116,41278164.16593116,2026-07-09T22:54:33.476466+00:00,40318164.16593116,20.14853380527531,19.54921003385205,-16.254737582702678,38.29730932745099,40937939.55655616,18.14877552217568,146.484375,16384,2400000.0,0.0
12,40653980.58252427,43053980.58252427,40893980.58252427,42813980.58252427,2026-07-09T22:54:33.536447+00:00,41853980.58252427,20.20260013500002,19.514639845127974,-27.377254863292386,36.89444046133388,40948560.66064927,16.69184032633386,146.484375,16384,2400000.0,0.0
13,42189796.99911739,44589796.99911739,42429796.99911739,44349796.99911739,2026-07-09T22:54:33.594998+00:00,43389796.99911739,19.94927949299509,19.473647623943222,-29.825356097768875,39.20066781723363,43199953.24911739,19.25138832423854,146.484375,16384,2400000.0,0.0
14,43725613.4157105,46125613.4157105,43965613.4157105,45885613.4157105,2026-07-09T22:54:33.655521+00:00,44925613.4157105,19.548791474992413,18.857285082050705,-19.90855281567483,37.26589056425415,45599880.9938355,17.717099089261737,146.484375,16384,2400000.0,0.0
15,45261429.83230361,47661429.83230361,45501429.83230361,47421429.83230361,2026-07-09T22:54:33.713627+00:00,46461429.83230361,20.15968707286655,19.355013246722386,-26.74678865856695,34.94121663516738,46634281.39480361,14.781529562300829,146.484375,16384,2400000.0,0.0
16,46797246.24889673,49197246.24889673,47037246.24889673,48957246.24889673,2026-07-09T22:54:33.772409+00:00,47997246.24889673,19.61534806841351,18.848682380540648,-14.029976341650032,42.814309907276936,48000029.45202173,23.198961838863426,146.484375,16384,2400000.0,0.0
17,48333062.66548985,50733062.66548985,48573062.66548985,50493062.66548985,2026-07-09T22:54:33.834422+00:00,49533062.66548985,21.941145425926834,21.28783629506931,-18.802360651182497,40.65217114598879,50349713.05611485,18.711025720061954,146.484375,16384,2400000.0,0.0
18,49868879.082082964,52268879.082082964,50108879.082082964,52028879.082082964,2026-07-09T22:54:33.894255+00:00,51068879.082082964,24.18777293090249,23.60017879666254,-26.2437726585444,43.920060692806935,50804181.816457964,19.732287761904445,146.484375,16384,2400000.0,0.0
19,51404695.49867608,53804695.49867608,51644695.49867608,53564695.49867608,2026-07-09T22:54:33.953231+00:00,52604695.49867608,26.96853710602963,26.50838714224068,-20.36631591438448,46.70407131148963,53441560.73305108,19.73553420546,146.484375,16384,2400000.0,0.0
20,52940511.915269196,55340511.915269196,53180511.915269196,55100511.915269196,2026-07-09T22:54:34.015792+00:00,54140511.915269196,31.24160454213196,30.55355532221764,-18.779830740573964,47.65885742943787,53397103.712144196,16.417252887305914,146.484375,16384,2400000.0,0.0
21,54476328.331862316,56876328.331862316,54716328.331862316,56636328.331862316,2026-07-09T22:54:34.074913+00:00,55676328.331862316,30.926462510685642,30.376121313821006,-10.752607713286624,50.35221125875759,56567832.238112316,19.42574874807195,146.484375,16384,2400000.0,0.0
22,56012144.74845543,58412144.74845543,56252144.74845543,58172144.74845543,2026-07-09T22:54:34.133495+00:00,57212144.74845543,30.93207034390573,30.34734200177109,-10.919219371957386,71.5097053862613,57600035.37345543,40.577635042355574,146.484375,16384,2400000.0,0.0
23,57547961.16504854,59947961.16504854,57787961.16504854,59707961.16504854,2026-07-09T22:54:34.195193+00:00,58747961.16504854,31.650145750568562,30.882950211465374,-16.0348073120648,65.58402658181855,57599963.11817354,33.933880831249986,146.484375,16384,2400000.0,0.0
24,59083777.58164166,61483777.58164166,59323777.58164166,61243777.58164166,2026-07-09T22:54:34.254450+00:00,60283777.58164166,31.60743007631629,30.73554275306988,-11.653787724595386,51.81860224179629,59999744.37851666,20.21117216548,146.484375,16384,2400000.0,0.0
25,60619593.99823477,63019593.99823477,60859593.99823477,62779593.99823477,2026-07-09T22:54:34.314335+00:00,61819593.99823477,32.23163143673673,31.467843903961676,-8.838026525976847,53.41768494616849,62399965.09198477,21.186053509431765,146.484375,16384,2400000.0,0.0
26,62155410.41482789,64555410.41482789,62395410.41482789,64315410.41482789,2026-07-09T22:54:34.376093+00:00,63355410.41482789,32.55059613578217,31.793624084512437,-4.426514358497455,51.63604276753125,62400039.32107789,19.08544663174908,146.484375,16384,2400000.0,0.0
27,63691226.831421,66091226.831421,63931226.831421,65851226.831421,2026-07-09T22:54:34.435380+00:00,64891226.831421,31.615867280755026,30.821480790777315,-21.955268450178423,46.946659376710436,65453287.378296,15.33079209595541,146.484375,16384,2400000.0,0.0
28,65227043.24801412,67627043.24801412,65467043.24801412,67387043.24801412,2026-07-09T22:54:34.494094+00:00,66427043.24801412,31.348319402174504,30.621927661745666,-38.43106237712979,54.974629930092675,67200041.29488912,23.62631052791817,146.484375,16384,2400000.0,0.0
29,66762859.66460723,69162859.66460723,67002859.66460723,68922859.66460723,2026-07-09T22:54:34.552248+00:00,67962859.66460723,31.035756671617357,30.2206497729913,-6.469861097737908,55.2858416211876,67199969.03960723,24.250084949570244,146.484375,16384,2400000.0,0.0
30,68298676.08120036,70698676.08120036,68538676.08120036,70458676.08120036,2026-07-09T22:54:34.613517+00:00,69498676.08120036,30.051207889310767,29.252506642240142,-9.671665540495011,45.62539296259825,69149310.84682536,15.574185073287481,146.484375,16384,2400000.0,0.0
31,69834492.49779347,72234492.49779347,70074492.49779347,71994492.49779347,2026-07-09T22:54:34.674165+00:00,71034492.49779347,27.89283830097356,27.11210502049343,-18.57634663935166,55.97399266740189,71999971.01341847,28.08115436642833,146.484375,16384,2400000.0,0.0
32,71370308.91438659,73770308.91438659,71610308.91438659,73530308.91438659,2026-07-09T22:54:34.731067+00:00,72570308.91438659,28.549247749898313,27.688525693874908,-19.934965516110033,55.92947750559334,72000045.24251159,27.380229755695026,146.484375,16384,2400000.0,0.0
33,72906125.3309797,75306125.3309797,73146125.3309797,75066125.3309797,2026-07-09T22:54:34.792226+00:00,74106125.3309797,29.754941125084926,29.01032251504131,-8.398439502748932,43.35020389178293,74850558.9247297,13.595262766698006,146.484375,16384,2400000.0,0.0
34,74441941.74757281,76841941.74757281,74681941.74757281,76601941.74757281,2026-07-09T22:54:34.849312+00:00,75641941.74757281,30.171761938131723,29.3701426922148,-6.448976028554753,48.345808023954,76800047.21632281,18.174046085822276,146.484375,16384,2400000.0,0.0
35,75977758.16416593,78377758.16416593,76217758.16416593,78137758.16416593,2026-07-09T22:54:34.906253+00:00,77177758.16416593,30.087609605389524,29.339038252490745,-18.880833450259928,52.57862023017662,76799974.96104093,22.491010624787094,146.484375,16384,2400000.0,0.0
36,77513574.58075905,79913574.58075905,77753574.58075905,79673574.58075905,2026-07-09T22:54:34.963448+00:00,78713574.58075905,30.334567638165865,29.591383868123085,-11.271475147080238,45.08281071919807,78552881.22138405,14.748243081032207,146.484375,16384,2400000.0,0.0
37,79049390.99735215,81449390.99735215,79289390.99735215,81209390.99735215,2026-07-09T22:54:35.019942+00:00,80249390.99735215,29.155412621638895,28.36427447855062,-10.857677912131027,43.023415184021026,79619947.63797715,13.86800256238213,146.484375,16384,2400000.0,0.0
38,80585207.41394527,82985207.41394527,80825207.41394527,82745207.41394527,2026-07-09T22:54:35.077286+00:00,81785207.41394527,27.286695840367727,26.433705762938917,-12.981533746071818,48.955775848199536,82309474.99207027,21.66908000783181,146.484375,16384,2400000.0,0.0
39,82121023.83053839,84521023.83053839,82361023.83053839,84281023.83053839,2026-07-09T22:54:35.134588+00:00,83321023.83053839,26.72718387730336,25.849412943097946,-9.097520118828365,45.99989822993364,82309549.22116339,19.27271435263028,146.484375,16384,2400000.0,0.0
40,83656840.2471315,86056840.2471315,83896840.2471315,85816840.2471315,2026-07-09T22:54:35.191697+00:00,84856840.2471315,25.91396241863258,25.093614160671404,-13.656328671690417,40.682114771535744,85875932.0440065,14.768152352903165,146.484375,16384,2400000.0,0.0
41,85192656.66372463,87592656.66372463,85432656.66372463,87352656.66372463,2026-07-09T22:54:35.248639+00:00,86392656.66372463,27.352119505700095,26.53415606645066,-18.137018263752605,73.00285612282568,86399980.88247463,45.65073661712558,146.484375,16384,2400000.0,0.0
42,86728473.08031774,89128473.08031774,86968473.08031774,88888473.08031774,2026-07-09T22:54:35.305711+00:00,87928473.08031774,27.73320459264332,26.948522460389633,-15.685588822213244,40.975073499912824,88181158.62719274,13.241868907269502,146.484375,16384,2400000.0,0.0
43,88264289.49691086,90664289.49691086,88504289.49691086,90424289.49691086,2026-07-09T22:54:35.364458+00:00,89464289.49691086,28.403460253304882,27.643217690122263,-11.157553258155728,44.529950008669516,89021760.20003586,16.126489755364634,146.484375,16384,2400000.0,0.0
44,89800105.91350397,92200105.91350397,90040105.91350397,91960105.91350397,2026-07-09T22:54:35.421222+00:00,91000105.91350397,27.902745051592365,27.239497738867506,-18.581008876007875,43.05292825099062,91200057.08537897,15.150183199398253,146.484375,16384,2400000.0,0.0
45,91335922.33009708,93735922.33009708,91575922.33009708,93495922.33009708,2026-07-09T22:54:35.477606+00:00,92535922.33009708,26.921046737095992,26.09781085444406,-23.99116535895789,39.52081180402417,91782260.22072208,12.599765066928178,146.484375,16384,2400000.0,0.0
46,92871738.7466902,95271738.7466902,93111738.7466902,95031738.7466902,2026-07-09T22:54:35.536346+00:00,94071738.7466902,24.299882052807412,23.699096315731424,-17.947495892832052,46.797997201312185,93735703.5904402,22.498115148504773,146.484375,16384,2400000.0,0.0
47,94407555.16328332,96807555.16328332,94647555.16328332,96567555.16328332,2026-07-09T22:54:35.595511+00:00,95607555.16328332,24.34550067678628,23.58243080892261,-14.616366231892881,50.55166003588876,95999986.80390832,26.20615935910248,146.484375,16384,2400000.0,0.0
48,95943371.57987644,98343371.57987644,96183371.57987644,98103371.57987644,2026-07-09T22:54:35.654914+00:00,97143371.57987644,24.698419360507742,23.94383059778975,-19.110800524132827,44.007670289874454,96506750.48612644,19.309250929366712,146.484375,16384,2400000.0,0.0
49,97479187.99646954,99879187.99646954,97719187.99646954,99639187.99646954,2026-07-09T22:54:35.713551+00:00,98679187.99646954,26.697668947090367,26.325496768529852,-15.14292281241384,53.338216086659706,98693543.46521954,26.64054713956934,146.484375,16384,2400000.0,0.0
50,99015004.41306266,101415004.41306266,99255004.41306266,101175004.41306266,2026-07-09T22:54:35.772949+00:00,100215004.41306266,27.041766182779778,26.27584322906081,-13.711686854476984,45.25542841121815,99491957.53806266,18.21366222843837,146.484375,16384,2400000.0,0.0
51,100550820.82965578,102950820.82965578,100790820.82965578,102710820.82965578,2026-07-09T22:54:35.832156+00:00,101750820.82965578,27.576644287209174,26.894197022534872,-20.109205437468447,45.949254343717946,102503164.57965578,18.372610056508773,146.484375,16384,2400000.0,0.0
52,102086637.24624889,104486637.24624889,102326637.24624889,104246637.24624889,2026-07-09T22:54:35.891859+00:00,103286637.24624889,26.95842238026873,26.35087719871195,-12.595893959428288,52.2854319986638,103704557.16812389,25.327009618395074,146.484375,16384,2400000.0,0.0
53,103622453.662842,106022453.662842,103862453.662842,105782453.662842,2026-07-09T22:54:35.953109+00:00,104822453.662842,23.360896471186376,23.644017600365785,-18.02478400204132,61.11526206854184,104703068.897217,37.75436559735546,146.484375,16384,2400000.0,0.0
54,105158270.07943512,107558270.07943512,105398270.07943512,107318270.07943512,2026-07-09T22:54:36.012794+00:00,106358270.07943512,21.628060640516367,21.674257689000292,-24.9384041082026,66.92697188953508,106897332.57943512,45.298911249018715,146.484375,16384,2400000.0,0.0
55,106694086.49602824,109094086.49602824,106934086.49602824,108854086.49602824,2026-07-09T22:54:36.072067+00:00,107894086.49602824,21.225795136611005,21.446908584529105,-18.572982127526384,59.1042063652824,106922162.66790324,37.878411228671396,146.484375,16384,2400000.0,0.0
56,108229902.91262135,110629902.91262135,108469902.91262135,110389902.91262135,2026-07-09T22:54:36.133498+00:00,109429902.91262135,25.97573688767521,25.130405912963965,-23.049244805072938,51.031384935948495,110399922.44387135,25.055648048273284,146.484375,16384,2400000.0,0.0
57,109765719.32921447,112165719.32921447,110005719.32921447,111925719.32921447,2026-07-09T22:54:36.192785+00:00,110965719.32921447,28.082639784076502,27.31396602323101,-6.541480120301228,51.473119174283525,110399996.67296447,23.390479390207023,146.484375,16384,2400000.0,0.0
58,111301535.74580759,113701535.74580759,111541535.74580759,113461535.74580759,2026-07-09T22:54:36.252502+00:00,112501535.74580759,29.82962973778003,29.006885576675522,-18.586613638082355,45.119973646577094,113104318.94893259,15.290343908797063,146.484375,16384,2400000.0,0.0
59,112837352.16240071,115237352.16240071,113077352.16240071,114997352.16240071,2026-07-09T22:54:36.311350+00:00,114037352.16240071,29.373492362290357,28.599590244304082,-20.57763661698217,66.98459522570593,115199998.64677571,37.611102863415574,146.484375,16384,2400000.0,0.0
60,114373168.57899381,116773168.57899381,114613168.57899381,116533168.57899381,2026-07-09T22:54:36.370318+00:00,115573168.57899381,29.70599691592281,28.929216813599993,-4.256364156230532,70.56461138335806,115200072.87586881,40.858614467435245,146.484375,16384,2400000.0,0.0
61,115908984.99558693,118308984.99558693,116148984.99558693,118068984.99558693,2026-07-09T22:54:36.429833+00:00,117108984.99558693,30.530073765953503,29.63347749120908,-6.382390401495108,50.69044938145427,116247217.41746193,20.16037561550077,146.484375,16384,2400000.0,0.0
62,117444801.41218005,119844801.41218005,117684801.41218005,119604801.41218005,2026-07-09T22:54:36.489776+00:00,118644801.41218005,29.88366222673341,28.943661107129106,-4.823160153295694,42.24643880332771,117890113.91218005,12.362776576594303,146.484375,16384,2400000.0,0.0
63,118980617.82877317,121380617.82877317,119220617.82877317,121140617.82877317,2026-07-09T22:54:36.549492+00:00,120180617.82877317,30.124955155444198,29.30493503715995,-16.90607015765687,50.632858371121586,120000002.59439817,20.507903215677388,146.484375,16384,2400000.0,0.0
64,120516434.24536628,122916434.24536628,120756434.24536628,122676434.24536628,2026-07-09T22:54:36.608456+00:00,121716434.24536628,31.636388161189846,30.887882747453546,-13.077414953691356,47.76876630025438,122519754.55786628,16.13237813906453,146.484375,16384,2400000.0,0.0
65,122052250.6619594,124452250.6619594,122292250.6619594,124212250.6619594,2026-07-09T22:54:36.667178+00:00,123252250.6619594,32.761879245939454,31.91920959775396,-8.23184583521588,48.5765715380234,124095414.7244594,15.814692292083947,146.484375,16384,2400000.0,0.0
66,123588067.07855251,125988067.07855251,123828067.07855251,125748067.07855251,2026-07-09T22:54:36.724716+00:00,124788067.07855251,32.79953993953509,32.00912437153689,-11.091868083498442,63.24213796960177,124800078.79730251,30.442598030066684,146.484375,16384,2400000.0,0.0
67,125123883.49514562,127523883.49514562,125363883.49514562,127283883.49514562,2026-07-09T22:54:36.783606+00:00,126323883.49514562,33.06026924925974,32.268273081072294,-7.998894129832095,47.43834469903977,126712067.08889562,14.378075449780027,146.484375,16384,2400000.0,0.0
68,126659699.91173874,129059699.91173874,126899699.91173874,128819699.91173874,2026-07-09T22:54:36.841881+00:00,127859699.91173874,33.12107576472215,32.23460679398657,-12.74555268000245,46.90251273892753,128813020.22423874,13.781436974205377,146.484375,16384,2400000.0,0.0
69,128195516.32833186,130595516.32833186,128435516.32833186,130355516.32833186,2026-07-09T22:54:36.901712+00:00,129395516.32833186,32.80025733002441,32.00598524324003,-7.676944464626746,61.49611096008711,129600008.51583186,28.6958536300627,146.484375,16384,2400000.0,0.0
70,129731332.74492498,132131332.74492498,129971332.74492498,131891332.74492498,2026-07-09T22:54:36.961527+00:00,130931332.74492498,32.83278249105322,31.953740732059487,-5.632002516114608,46.850160989291886,131999936.26054998,14.017378498238664,146.484375,16384,2400000.0,0.0
71,131267149.16151808,133667149.16151808,131507149.16151808,133427149.16151808,2026-07-09T22:54:37.021500+00:00,132467149.16151808,33.6823177276128,32.859458979972274,-10.53006047226229,48.0953532560459,133180381.58339308,14.413035528433099,146.484375,16384,2400000.0,0.0
72,132802965.5781112,135202965.5781112,133042965.5781112,134962965.5781112,2026-07-09T22:54:37.081264+00:00,134002965.5781112,34.16267267535411,33.37945341757414,-7.792386738851556,56.3409124990979,134399938.2343612,22.178239823743787,146.484375,16384,2400000.0,0.0
73,134338781.9947043,136738781.9947043,134578781.9947043,136498781.9947043,2026-07-09T22:54:37.139493+00:00,135538781.9947043,34.33112662921433,33.51016629682926,-20.838673606808896,49.587300215496484,134950061.2915793,15.256173586282152,146.484375,16384,2400000.0,0.0
74,135874598.41129744,138274598.41129744,136114598.41129744,138034598.41129744,2026-07-09T22:54:37.198197+00:00,137074598.41129744,34.31946140814719,33.49923728197801,-9.346243983625229,47.614229555912914,137855946.06754744,13.294768147765723,146.484375,16384,2400000.0,0.0
75,137410414.82789055,139810414.82789055,137650414.82789055,139570414.82789055,2026-07-09T22:54:37.259537+00:00,138610414.82789055,34.04828370459584,33.24930061710637,-18.91979526967774,56.81205976618263,139200014.43726555,22.76377606158679,146.484375,16384,2400000.0,0.0
76,138946231.24448365,141346231.24448365,139186231.24448365,141106231.24448365,2026-07-09T22:54:37.318764+00:00,140146231.24448365,33.82309413777,32.92526647262535,-5.2898361161358345,56.16166188431208,139199942.18198365,22.338567746542083,146.484375,16384,2400000.0,0.0
77,140482047.66107678,142882047.66107678,140722047.66107678,142642047.66107678,2026-07-09T22:54:37.378105+00:00,141682047.66107678,33.585494857734844,32.652422243756064,-6.430651322454014,47.0690010801301,141843912.89545178,13.483506222395256,146.484375,16384,2400000.0,0.0
78,142017864.07766992,144417864.07766992,142257864.07766992,144177864.07766992,2026-07-09T22:54:37.437518+00:00,143217864.07766992,31.184573968172124,30.334101985578624,-4.585337815066613,76.15850718454384,143999944.15579492,44.97393321637171,146.484375,16384,2400000.0,0.0
79,143553680.494263,145953680.494263,143793680.494263,145713680.494263,2026-07-09T22:54:37.494731+00:00,144753680.494263,31.355127436687667,30.51642676870832,-9.984161406425265,75.87736163560778,144000018.384888,44.52223419892012,146.484375,16384,2400000.0,0.0
80,145089496.91085613,147489496.91085613,145329496.91085613,147249496.91085613,2026-07-09T22:54:37.554877+00:00,146289496.91085613,34.42899687642254,33.574482758505,-0.968840502569329,48.09177867653966,147156244.95773113,13.662781800117124,146.484375,16384,2400000.0,0.0
81,146625313.32744926,149025313.32744926,146865313.32744926,148785313.32744926,2026-07-09T22:54:37.613058+00:00,147825313.32744926,34.123129968206115,33.2639138427409,-11.123790975369815,55.79694684959213,148800020.35869926,21.673816881386017,146.484375,16384,2400000.0,0.0
82,148161129.74404234,150561129.74404234,148401129.74404234,150321129.74404234,2026-07-09T22:54:37.671552+00:00,149361129.74404234,33.66881565892274,32.71495007253882,-17.47324320444388,58.930157672352294,148799948.10341734,25.261342013429555,146.484375,16384,2400000.0,0.0
83,149696946.16063547,152096946.16063547,149936946.16063547,151856946.16063547,2026-07-09T22:54:37.730685+00:00,150896946.16063547,33.12413421897678,32.29714681415936,-13.92107144320368,46.98980798866632,150288157.09813547,13.865673769689543,146.484375,16384,2400000.0,0.0
84,151232762.5772286,153632762.5772286,151472762.5772286,153392762.5772286,2026-07-09T22:54:37.789647+00:00,152432762.5772286,32.38240582012314,31.54287465126624,-5.289388337998659,60.98271989814698,153599950.0772286,28.600314078023843,146.484375,16384,2400000.0,0.0
85,152768578.9938217,155168578.9938217,153008578.9938217,154928578.9938217,2026-07-09T22:54:37.848085+00:00,153968578.9938217,31.843225256931465,30.99307081096799,-6.057782387965652,68.20292175308713,153600024.3063217,36.359696496155664,146.484375,16384,2400000.0,0.0
86,154304395.41041481,156704395.41041481,154544395.41041481,156464395.41041481,2026-07-09T22:54:37.907366+00:00,155504395.41041481,32.29589076340423,31.437179007905975,-7.603327210160735,48.050973281488936,154920069.23853981,15.755082518084706,146.484375,16384,2400000.0,0.0
87,155840211.82700795,158240211.82700795,156080211.82700795,158000211.82700795,2026-07-09T22:54:37.967574+00:00,157040211.82700795,33.04111757567247,32.15839825989347,-3.0961355449980017,46.59737034001403,157840309.48325795,13.556252764341558,146.484375,16384,2400000.0,0.0
88,157376028.24360105,159776028.24360105,157616028.24360105,159536028.24360105,2026-07-09T22:54:38.026511+00:00,158576028.24360105,33.074622960943714,32.17041100948521,-14.432481915676771,46.11254935642164,159398098.55610105,13.037926395477925,146.484375,16384,2400000.0,0.0
89,158911844.66019416,161311844.66019416,159151844.66019416,161071844.66019416,2026-07-09T22:54:38.086286+00:00,160111844.66019416,32.91224843963251,32.05677069061045,-0.8359465974145408,45.351020850689814,160877664.97269416,12.4387724110573,146.484375,16384,2400000.0,0.0
90,160447661.0767873,162847661.0767873,160687661.0767873,162607661.0767873,2026-07-09T22:54:38.144544+00:00,161647661.0767873,32.80477630885858,31.988706066521736,-18.04964838819456,46.26207998101337,161749467.7174123,13.457303672154794,146.484375,16384,2400000.0,0.0
91,161983477.4933804,164383477.4933804,162223477.4933804,164143477.4933804,2026-07-09T22:54:38.203064+00:00,163183477.4933804,32.070566269000665,31.2461907557293,-25.88240539762948,65.99073600696805,163200030.2277554,33.920169737967385,146.484375,16384,2400000.0,0.0
92,163519293.9099735,165919293.9099735,163759293.9099735,165679293.9099735,2026-07-09T22:54:38.261297+00:00,164719293.9099735,31.795302270580116,30.929063484202842,-10.055920986875819,44.031579934704595,164163239.2224735,12.23627766412448,146.484375,16384,2400000.0,0.0
93,165055110.32656664,167455110.32656664,165295110.32656664,167215110.32656664,2026-07-09T22:54:38.319623+00:00,166255110.32656664,30.744271630673232,29.934957825593287,-8.506789796469482,50.408759933000795,166134846.65469164,19.664488302327563,146.484375,16384,2400000.0,0.0
94,166590926.74315974,168990926.74315974,166830926.74315974,168750926.74315974,2026-07-09T22:54:38.379238+00:00,167790926.74315974,30.688080964603998,29.841653410499354,-4.819608609093125,58.910689562708185,167999959.94628474,28.222608598104188,146.484375,16384,2400000.0,0.0
95,168126743.15975288,170526743.15975288,168366743.15975288,170286743.15975288,2026-07-09T22:54:38.437977+00:00,169326743.15975288,31.459714356218903,30.640379974740476,-12.737901777561076,43.36159231072316,170081577.14412788,11.901877954504258,146.484375,16384,2400000.0,0.0
96,169662559.57634598,172062559.57634598,169902559.57634598,171822559.57634598,2026-07-09T22:54:38.495773+00:00,170862559.57634598,32.19523751981988,31.352124071510456,-12.212065570885958,45.18095716533857,171426963.87322098,12.985719645518692,146.484375,16384,2400000.0,0.0
97,171198375.99293908,173598375.99293908,171438375.99293908,173358375.99293908,2026-07-09T22:54:38.554913+00:00,172398375.99293908,30.349256594000735,29.544637573760262,-13.438911462178716,74.1450288011154,172800036.14918908,43.795772207114666,146.484375,16384,2400000.0,0.0
98,172734192.40953222,175134192.40953222,172974192.40953222,174894192.40953222,2026-07-09T22:54:38.614480+00:00,173934192.40953222,31.524352360161885,30.813862538995537,-11.409332784455813,66.55850540204015,172799963.89390722,35.03415304187827,146.484375,16384,2400000.0,0.0
99,174270008.82612532,176670008.82612532,174510008.82612532,176430008.82612532,2026-07-09T22:54:38.673782+00:00,175470008.82612532,34.928624929692496,34.04545884831077,-6.990773058783624,52.22544987225298,174309706.09175032,17.296824942560484,146.484375,16384,2400000.0,0.0
100,175805825.24271843,178205825.24271843,176045825.24271843,177965825.24271843,2026-07-09T22:54:38.731895+00:00,177005825.24271843,34.02636867156655,33.24467913244634,-14.910422314996339,49.1368369066307,177599965.86771843,15.110468235064147,146.484375,16384,2400000.0,0.0
101,177341641.65931156,179741641.65931156,177581641.65931156,179501641.65931156,2026-07-09T22:54:38.792069+00:00,178541641.65931156,34.85179384899584,33.84818912553875,-2.6505762308110103,49.05625598007626,178385928.76868656,14.204462131080419,146.484375,16384,2400000.0,0.0
102,178877458.07590467,181277458.07590467,179117458.07590467,181037458.07590467,2026-07-09T22:54:38.851827+00:00,180077458.07590467,29.901272711843596,30.25270683008177,-13.61591514293465,50.318671823689776,179321012.76340467,20.41739911184618,146.484375,16384,2400000.0,0.0
103,180413274.49249777,182813274.49249777,180653274.49249777,182573274.49249777,2026-07-09T22:54:38.911708+00:00,181613274.49249777,31.569761297120333,30.713238888294125,-10.828562153125285,58.53601295745826,182400042.07062277,26.966251660337928,146.484375,16384,2400000.0,0.0
104,181949090.9090909,184349090.9090909,182189090.9090909,184109090.9090909,2026-07-09T22:54:38.970950+00:00,183149090.9090909,32.538694570041756,31.63027366537307,-15.640758285499476,58.38885260824406,182399969.8153409,25.850158038202302,146.484375,16384,2400000.0,0.0
105,183484907.325684,185884907.325684,183724907.325684,185644907.325684,2026-07-09T22:54:39.029541+00:00,184684907.325684,32.5083088705706,31.67632674925984,-9.5446316601804,45.5769777338143,185426704.200684,13.068668863243701,146.484375,16384,2400000.0,0.0
106,185020723.74227715,187420723.74227715,185260723.74227715,187180723.74227715,2026-07-09T22:54:39.088505+00:00,186220723.74227715,32.7016092384133,31.836331373077712,-3.981893565062559,63.54091293764682,187199971.78915215,30.839303699233525,146.484375,16384,2400000.0,0.0
107,186556540.15887025,188956540.15887025,186796540.15887025,188716540.15887025,2026-07-09T22:54:39.147451+00:00,187756540.15887025,31.724979132385194,30.89797620659879,-5.828784476771225,63.81753645031785,187199899.53387025,32.09255731793266,146.484375,16384,2400000.0,0.0
108,188092356.57546335,190492356.57546335,188332356.57546335,190252356.57546335,2026-07-09T22:54:39.206216+00:00,189292356.57546335,31.1308926678372,30.222450135374164,-23.555047037521973,42.91927224659321,188956614.38796335,11.788379578756008,146.484375,16384,2400000.0,0.0
109,189628172.9920565,192028172.9920565,189868172.9920565,191788172.9920565,2026-07-09T22:54:39.264615+00:00,190828172.9920565,30.941702800963625,30.080114269759573,-11.60224056215084,58.467061600421616,192000047.9920565,27.52535879945799,146.484375,16384,2400000.0,0.0
110,191163989.4086496,193563989.4086496,191403989.4086496,193323989.4086496,2026-07-09T22:54:39.324382+00:00,192363989.4086496,31.77518924806853,30.92130091154828,-12.949279175005932,66.82615664202217,192309643.7055246,35.05096739395364,146.484375,16384,2400000.0,0.0
111,192699805.8252427,195099805.8252427,192939805.8252427,194859805.8252427,2026-07-09T22:54:39.383640+00:00,193899805.8252427,33.43817910506438,32.687992772731434,-9.69206198295213,48.04151012537016,193779542.1533677,14.603331020305781,146.484375,16384,2400000.0,0.0
112,194235622.24183583,196635622.24183583,194475622.24183583,196395622.24183583,2026-07-09T22:54:39.442558+00:00,195435622.24183583,33.585617735608814,32.70233277639075,-10.241542032108413,46.27574007814768,196278932.78871083,12.690122342538864,146.484375,16384,2400000.0,0.0
113,195771438.65842894,198171438.65842894,196011438.65842894,197931438.65842894,2026-07-09T22:54:39.501282+00:00,196971438.65842894,33.6123740854231,32.77845909418434,-3.376750267183362,53.44590114811359,196799905.45530394,19.833527062690493,146.484375,16384,2400000.0,0.0
114,197307255.07502204,199707255.07502204,197547255.07502204,199467255.07502204,2026-07-09T22:54:39.559224+00:00,198507255.07502204,31.60174651240449,30.840077126221153,-7.428765533000083,45.69727257229665,197614286.32502204,14.095526059892158,146.484375,16384,2400000.0,0.0
115,198843071.49161518,201243071.49161518,199083071.49161518,201003071.49161518,2026-07-09T22:54:39.618912+00:00,200043071.49161518,31.24685922785441,30.370114805197794,-6.8032951740106915,45.25534225489683,199374370.31974018,14.00848302704242,146.484375,16384,2400000.0,0.0
116,200378887.90820828,202778887.90820828,200618887.90820828,202538887.90820828,2026-07-09T22:54:39.676087+00:00,201578887.90820828,31.58369799129126,30.74915953064112,-9.28667302240408,43.877304992868034,202421759.00195828,12.293607001576774,146.484375,16384,2400000.0,0.0
117,201914704.32480142,204314704.32480142,202154704.32480142,204074704.32480142,2026-07-09T22:54:39.733564+00:00,203114704.32480142,31.41369549402994,30.600807420017752,-10.198285698929137,45.833594953457116,202427692.60605142,14.419899459427175,146.484375,16384,2400000.0,0.0
118,203450520.74139452,205850520.74139452,203690520.74139452,205610520.74139452,2026-07-09T22:54:39.790498+00:00,204650520.74139452,30.888610027926486,30.040422023451995,-17.34725696599114,43.872408718712,205629622.30389452,12.983798690785516,146.484375,16384,2400000.0,0.0
119,204986337.15798762,207386337.15798762,205226337.15798762,207146337.15798762,2026-07-09T22:54:39.849789+00:00,206186337.15798762,30.55508934171089,29.747008666009066,-13.244728232039513,52.95458176018471,206399911.37673762,22.39949241847382,146.484375,16384,2400000.0,0.0
120,206522153.57458076,208922153.57458076,206762153.57458076,208682153.57458076,2026-07-09T22:54:39.909107+00:00,207722153.57458076,30.76574846883938,29.900838092786138,-18.24711092664673,43.19536821454869,206849692.63708076,12.429619745709306,146.484375,16384,2400000.0,0.0
121,208057969.99117386,210457969.99117386,208297969.99117386,210217969.99117386,2026-07-09T22:54:39.967206+00:00,209257969.99117386,30.562127176723333,29.670339671282026,-10.729699814450942,43.32441323734405,209984971.94429886,12.762286060620713,146.484375,16384,2400000.0,0.0
122,209593786.40776697,211993786.40776697,209833786.40776697,211753786.40776697,2026-07-09T22:54:40.025341+00:00,210793786.40776697,29.19058960159877,28.25849420109619,-10.843775337294645,58.90318989276585,211199987.57964197,29.71260029116708,146.484375,16384,2400000.0,0.0
123,211129602.8243601,213529602.8243601,211369602.8243601,213289602.8243601,2026-07-09T22:54:40.083420+00:00,212329602.8243601,28.316042240330113,27.42991045040901,-18.156744143698468,52.535721338156655,211199915.3243601,24.219679097826543,146.484375,16384,2400000.0,0.0
124,212665419.2409532,215065419.2409532,212905419.2409532,214825419.2409532,2026-07-09T22:54:40.143265+00:00,213865419.2409532,28.1696125330321,27.28208205629063,-9.47505586716322,41.50388756702928,213718348.9284532,13.33427503399718,146.484375,16384,2400000.0,0.0
125,214201235.65754634,216601235.65754634,214441235.65754634,216361235.65754634,2026-07-09T22:54:40.202657+00:00,215401235.65754634,28.98089190863724,28.091687620572085,-10.73120062294925,57.681324546529154,215999917.29817134,28.700432637891915,146.484375,16384,2400000.0,0.0
126,215737052.07413945,218137052.07413945,215977052.07413945,217897052.07413945,2026-07-09T22:54:40.261870+00:00,216937052.07413945,28.666628485062912,27.83822160066734,-10.739397202987163,56.81619841929468,215999991.52726445,28.149569934231767,146.484375,16384,2400000.0,0.0
127,217272868.49073255,219672868.49073255,217512868.49073255,219432868.49073255,2026-07-09T22:54:40.321201+00:00,218472868.49073255,29.713542198513842,28.79482193352583,-12.440504425438741,43.45419962720423,218801139.97510755,13.74065742869039,146.484375,16384,2400000.0,0.0
128,218808684.90732569,221208684.90732569,219048684.90732569,220968684.90732569,2026-07-09T22:54:40.380837+00:00,220008684.90732569,30.01445762485764,29.17133531110996,-10.117783537416408,63.73836310181918,220799993.50107569,33.72390547696154,146.484375,16384,2400000.0,0.0
129,220344501.3239188,222744501.3239188,220584501.3239188,222504501.3239188,2026-07-09T22:54:40.439434+00:00,221544501.3239188,28.890588024441577,28.060056581086613,-12.113232760555343,63.97353800271005,220799921.2457938,35.08294997826847,146.484375,16384,2400000.0,0.0
130,221880317.7405119,224280317.7405119,222120317.7405119,224040317.7405119,2026-07-09T22:54:40.499527+00:00,223080317.7405119,29.032893619055173,28.13002135571139,-15.695846951809752,44.10970531660769,223160005.2405119,15.076811697552515,146.484375,16384,2400000.0,0.0
131,223416134.15710503,225816134.15710503,223656134.15710503,225576134.15710503,2026-07-09T22:54:40.558610+00:00,224616134.15710503,28.838565621453448,28.033354996697206,-23.931223130637655,45.63492655149844,225600069.70398003,16.79636093004499,146.484375,16384,2400000.0,0.0
132,224951950.57369813,227351950.57369813,225191950.57369813,227111950.57369813,2026-07-09T22:54:40.617345+00:00,226151950.57369813,27.55982306440142,26.686696980070227,-14.200702315232885,45.41848182937155,225599997.44869813,17.85865876497013,146.484375,16384,2400000.0,0.0
133,226487766.99029124,228887766.99029124,226727766.99029124,228647766.99029124,2026-07-09T22:54:40.675515+00:00,227687766.99029124,30.228688679987194,29.380884005884454,-14.53308682406135,42.78812632100953,227772581.44341624,12.559437641022335,146.484375,16384,2400000.0,0.0
134,228023583.40688437,230423583.40688437,228263583.40688437,230183583.40688437,2026-07-09T22:54:40.733209+00:00,229223583.40688437,19.41642524379891,18.63062129388006,-18.92959214448363,70.74128053341452,230399852.93813437,51.32485528961561,146.484375,16384,2400000.0,0.0
135,229559399.82347748,231959399.82347748,229799399.82347748,231719399.82347748,2026-07-09T22:54:40.790900+00:00,230759399.82347748,20.436856974024153,19.61201857663681,-36.92559443464398,78.61581816027837,230399927.16722748,58.17896118625421,146.484375,16384,2400000.0,0.0
136,231095216.2400706,233495216.2400706,231335216.2400706,233255216.2400706,2026-07-09T22:54:40.849932+00:00,232295216.2400706,25.67934119588539,24.848793804366863,-26.90613855225442,47.311926613281315,233082569.7556956,21.632585417395926,146.484375,16384,2400000.0,0.0
137,232631032.65666372,235031032.65666372,232871032.65666372,234791032.65666372,2026-07-09T22:54:40.909303+00:00,233831032.65666372,27.792622526784193,27.016857992880873,-21.23825267025001,49.50521737067376,233082497.50041372,21.71259484388957,146.484375,16384,2400000.0,0.0
138,234166849.07325682,236566849.07325682,234406849.07325682,236326849.07325682,2026-07-09T22:54:40.967313+00:00,235366849.07325682,25.9409600482858,25.136614786500992,-22.501373753270233,46.09065509949709,235200003.37013182,20.149695051211292,146.484375,16384,2400000.0,0.0
139,235702665.48984995,238102665.48984995,235942665.48984995,237862665.48984995,2026-07-09T22:54:41.026761+00:00,236902665.48984995,27.83862725379265,27.032097396745726,-21.441462035006676,45.28834174530392,236567216.27109995,17.449714491511266,146.484375,16384,2400000.0,0.0
140,237238481.90644306,239638481.90644306,237478481.90644306,239398481.90644306,2026-07-09T22:54:41.086360+00:00,238438481.90644306,25.16703466347664,24.53798133792564,-26.918864861911345,48.63787187430176,238855962.37519306,23.470837210825117,146.484375,16384,2400000.0,0.0
141,238774298.32303616,241174298.32303616,239014298.32303616,240934298.32303616,2026-07-09T22:54:41.144572+00:00,239974298.32303616,28.392913208231164,27.691131148461366,-16.04142420798347,68.37930616081869,239999933.08866116,39.98639295258752,146.484375,16384,2400000.0,0.0
142,240310114.7396293,242710114.7396293,240550114.7396293,242470114.7396293,2026-07-09T22:54:41.203313+00:00,241510114.7396293,27.56260607932964,26.908091735841403,-16.046817464604032,52.76712491616232,241135993.6458793,25.204518836832676,146.484375,16384,2400000.0,0.0
143,241845931.1562224,244245931.1562224,242085931.1562224,244005931.1562224,2026-07-09T22:54:41.261224+00:00,243045931.1562224,25.58127037587991,25.210762000019137,-11.321943675763343,50.5659153711311,242279964.3593474,24.984644995251188,146.484375,16384,2400000.0,0.0
144,243381747.57281554,245781747.57281554,243621747.57281554,245541747.57281554,2026-07-09T22:54:41.319646+00:00,244581747.57281554,26.63954960400419,26.221989190412827,-11.817679881837954,50.49918309329413,244800009.29156554,23.859633489289937,146.484375,16384,2400000.0,0.0
145,244917563.98940864,247317563.98940864,245157563.98940864,247077563.98940864,2026-07-09T22:54:41.378822+00:00,246117563.98940864,26.11712282684371,25.553901359668977,-14.896193116677097,44.98308605355998,246289536.64565864,18.86596322671627,146.484375,16384,2400000.0,0.0
146,246453380.40600175,248853380.40600175,246693380.40600175,248613380.40600175,2026-07-09T22:54:41.438408+00:00,247653380.40600175,26.513716082748516,25.813437131681106,-14.20112167338122,42.00536573617762,248150401.89037675,15.491649653429107,146.484375,16384,2400000.0,0.0
147,247989196.82259488,250389196.82259488,248229196.82259488,250149196.82259488,2026-07-09T22:54:41.499447+00:00,249189196.82259488,28.432780770059832,27.741900033091525,-13.132703841537195,64.91001897134507,249599939.01009488,36.47723820128523,146.484375,16384,2400000.0,0.0
148,249525013.239188,251925013.239188,249765013.239188,251685013.239188,2026-07-09T22:54:41.557450+00:00,250725013.239188,27.7694443342206,26.89464146588965,-19.857157575441548,59.32339038933743,249600013.239188,31.553946055116832,146.484375,16384,2400000.0,0.0
149,251060829.6557811,253460829.6557811,251300829.6557811,253220829.6557811,2026-07-09T22:54:41.616200+00:00,252260829.6557811,26.166152417262253,25.389959715117165,-12.060724828794132,42.50099081471993,252783485.9057811,16.334838397457673,146.484375,16384,2400000.0,0.0
150,252596646.07237422,254996646.07237422,252836646.07237422,254756646.07237422,2026-07-09T22:54:41.675354+00:00,253796646.07237422,26.853359839961623,26.07833359627449,-18.2461607398018,48.7944318860687,254400015.21299922,21.941072046107077,146.484375,16384,2400000.0,0.0
151,254132462.48896733,256532462.48896733,254372462.48896733,256292462.48896733,2026-07-09T22:54:41.733490+00:00,255332462.48896733,27.460980475960167,26.735972677721758,-14.096973239314682,47.027638302252335,254399942.95771733,19.566657826292168,146.484375,16384,2400000.0,0.0
152,255668278.90556043,258068278.90556043,255908278.90556043,257828278.90556043,2026-07-09T22:54:41.792318+00:00,256868278.90556043,27.081543053371693,26.367536521626377,-8.889750566208273,42.315245032349,256574138.28056043,15.233701978977304,146.484375,16384,2400000.0,0.0
153,257204095.32215357,259604095.32215357,257444095.32215357,259364095.32215357,2026-07-09T22:54:41.851541+00:00,258404095.32215357,26.223647319605575,25.470236147452493,-22.104721891888104,65.58956056951332,259199944.93152857,39.36591324990775,146.484375,16384,2400000.0,0.0
154,258739911.73874667,261139911.73874667,258979911.73874667,260899911.73874667,2026-07-09T22:54:41.911493+00:00,259939911.73874667,25.36201970607555,24.56222935613186,-14.66818231210748,65.75041759405418,259200019.16062167,40.388397887978634,146.484375,16384,2400000.0,0.0
155,260275728.1553398,262675728.1553398,260515728.1553398,262435728.1553398,2026-07-09T22:54:41.969750+00:00,261475728.1553398,24.430358996491954,23.67451239622803,-21.355934697046614,39.343415229514704,261001411.7490898,14.91305623302275,146.484375,16384,2400000.0,0.0
156,261811544.5719329,264211544.5719329,262051544.5719329,263971544.5719329,2026-07-09T22:54:42.027896+00:00,263011544.5719329,26.214973865502877,25.40363901983899,-18.897269219848546,50.61872238060956,264000021.1344329,24.403748515106685,146.484375,16384,2400000.0,0.0
157,263347360.98852602,265747360.98852602,263587360.98852602,265507360.98852602,2026-07-09T22:54:42.085986+00:00,264547360.98852602,26.99132384178479,26.19712587180946,-23.50278355172278,50.95377558144594,263999948.87915102,23.962451739661148,146.484375,16384,2400000.0,0.0
158,264883177.40511915,267283177.40511915,265123177.40511915,267043177.40511915,2026-07-09T22:54:42.145160+00:00,266083177.40511915,26.684694984822965,25.866109659391718,-17.828358776006986,43.093731697763744,266196995.76449415,16.40903671294078,146.484375,16384,2400000.0,0.0
159,266418993.82171226,268818993.82171226,266658993.82171226,268578993.82171226,2026-07-09T22:54:42.203965+00:00,267618993.82171226,25.890564992391273,25.07697572367789,-24.82741173593802,42.20403798176343,268089208.66546226,16.313472989372155,146.484375,16384,2400000.0,0.0
160,267954810.23830533,270354810.23830533,268194810.23830533,270114810.23830533,2026-07-09T22:54:42.262830+00:00,269154810.23830533,24.8254561626686,24.005918336566545,-21.5891780963312,47.42391479503539,268800025.08205533,22.598458632366786,146.484375,16384,2400000.0,0.0
161,269490626.6548985,271890626.6548985,269730626.6548985,271650626.6548985,2026-07-09T22:54:42.321535+00:00,270690626.6548985,23.86225410439095,22.968855343564364,-15.065704019212205,39.60462038024446,270587208.6861485,15.742366275853513,146.484375,16384,2400000.0,0.0
162,271026443.0714916,273426443.0714916,271266443.0714916,273186443.0714916,2026-07-09T22:54:42.380388+00:00,272226443.0714916,24.185890400163167,23.420725261970013,-19.12679645440906,40.020616239745046,272847390.3371166,15.834725839581878,146.484375,16384,2400000.0,0.0
163,272562259.4880847,274962259.4880847,272802259.4880847,274722259.4880847,2026-07-09T22:54:42.439432+00:00,273762259.4880847,25.247674344595872,24.430143051294607,-14.443954391184551,60.6561070565672,273599954.8005847,35.40843271197133,146.484375,16384,2400000.0,0.0
164,274098075.90467787,276498075.90467787,274338075.90467787,276258075.90467787,2026-07-09T22:54:42.498413+00:00,275298075.90467787,25.681474926055515,24.9376977043686,-12.079280449852996,39.58885300286504,275416728.24842787,13.907378076809522,146.484375,16384,2400000.0,0.0
165,275633892.32127094,278033892.32127094,275873892.32127094,277793892.32127094,2026-07-09T22:54:42.557440+00:00,276833892.32127094,25.81510796800616,25.056920254477717,-13.404513141540724,39.737141552426415,276701177.47752094,13.922033584420255,146.484375,16384,2400000.0,0.0
166,277169708.7378641,279569708.7378641,277409708.7378641,279329708.7378641,2026-07-09T22:54:42.618547+00:00,278369708.7378641,27.905727260427746,27.0737806289071,-16.97368311351315,62.1979009529758,278400031.0034891,34.292173692548054,146.484375,16384,2400000.0,0.0
167,278705525.1544572,281105525.1544572,278945525.1544572,280865525.1544572,2026-07-09T22:54:42.677558+00:00,279905525.1544572,27.134711223932477,26.2482820338057,-17.918795697279858,41.56054963756077,278923493.9044572,14.425838413628291,146.484375,16384,2400000.0,0.0
168,280241341.5710503,282641341.5710503,280481341.5710503,282401341.5710503,2026-07-09T22:54:42.734518+00:00,281441341.5710503,26.172897278551837,25.296871042525602,-11.200405113402802,39.777942955158586,281464486.1023003,13.60504567660675,146.484375,16384,2400000.0,0.0
169,281777157.9876434,284177157.9876434,282017157.9876434,283937157.9876434,2026-07-09T22:54:42.792943+00:00,282977157.9876434,26.425063109897884,25.65811628429739,-15.313566957769664,56.209836744203216,283199960.7220184,29.78477363430533,146.484375,16384,2400000.0,0.0
170,283312974.40423656,285712974.40423656,283552974.40423656,285472974.40423656,2026-07-09T22:54:42.852269+00:00,284512974.40423656,27.517985463287964,26.750512038970076,-14.456468208395538,45.104744914978134,284272154.09173656,17.58675945169017,146.484375,16384,2400000.0,0.0
171,284848790.82082963,287248790.82082963,285088790.82082963,287008790.82082963,2026-07-09T22:54:42.911329+00:00,286048790.82082963,28.238300515282255,27.51304669077661,-16.69050642152852,43.2812750069446,286014074.02395463,15.042974491662342,146.484375,16384,2400000.0,0.0
172,286384607.23742276,288784607.23742276,286624607.23742276,288544607.23742276,2026-07-09T22:54:42.970187+00:00,287584607.23742276,28.14942191080717,27.406267221016748,-9.966130115282715,60.76098487671264,287999890.44054776,32.61156296590547,146.484375,16384,2400000.0,0.0
173,287920423.6540159,290320423.6540159,288160423.6540159,290080423.6540159,2026-07-09T22:54:43.029750+00:00,289120423.6540159,27.892876387154523,27.136268720837915,-11.99652066002303,56.02983177889577,287999964.6696409,28.136955391741246,146.484375,16384,2400000.0,0.0
174,289456240.070609,291856240.070609,289696240.070609,291616240.070609,2026-07-09T22:54:43.088772+00:00,290656240.070609,26.516062332521393,25.71551490567804,-14.83972055231151,39.86051078951857,290280507.648734,13.344448456997178,146.484375,16384,2400000.0,0.0
175,290992056.4872021,293392056.4872021,291232056.4872021,293152056.4872021,2026-07-09T22:54:43.146717+00:00,292192056.4872021,26.347565876182266,25.509814308971265,-16.65981662484232,57.89385702435217,292799966.6434521,31.546291148169907,146.484375,16384,2400000.0,0.0
176,292527872.90379524,294927872.90379524,292767872.90379524,294687872.90379524,2026-07-09T22:54:43.205965+00:00,293727872.90379524,26.964266334050652,26.20114397055228,-16.55555552765658,55.35441337459864,292799894.38817024,28.39014704054799,146.484375,16384,2400000.0,0.0
177,294063689.3203883,296463689.3203883,294303689.3203883,296223689.3203883,2026-07-09T22:54:43.265619+00:00,295263689.3203883,27.35207669878892,26.756232477195148,-10.232314123908266,47.55803339041381,296047966.6641383,20.20595669162489,146.484375,16384,2400000.0,0.0
178,295599505.73698145,297999505.73698145,295839505.73698145,297759505.73698145,2026-07-09T22:54:43.323930+00:00,296799505.73698145,26.546979612299886,26.08234715357845,-16.972906221549025,63.827717318053956,297599896.36198145,37.28073770575407,146.484375,16384,2400000.0,0.0
179,297135322.1535746,299535322.1535746,297375322.1535746,299295322.1535746,2026-07-09T22:54:43.382732+00:00,298335322.1535746,25.52172713648047,25.036988256159745,-26.065226743233367,63.975819718739054,297599970.5910746,38.45409258225858,146.484375,16384,2400000.0,0.0
180,298671138.57016766,301071138.57016766,298911138.57016766,300831138.57016766,2026-07-09T22:54:43.442281+00:00,299871138.57016766,25.312618694320967,24.642814127808567,-20.7111086471731,54.71277825504477,300000044.82016766,29.4001595607238,146.484375,16384,2400000.0,0.0
181,300206954.9867608,302606954.9867608,300446954.9867608,302366954.9867608,2026-07-09T22:54:43.500542+00:00,301406954.9867608,25.382730310433395,24.615049614967837,-14.081094992935073,56.61706497727763,302399972.5648858,31.234334666844234,146.484375,16384,2400000.0,0.0
182,301742771.4033539,304142771.4033539,301982771.4033539,303902771.4033539,2026-07-09T22:54:43.559439+00:00,302942771.4033539,26.397500929196905,25.671613232866086,-16.872816091675848,57.413231612288065,302399900.3096039,31.01573068309116,146.484375,16384,2400000.0,0.0
183,303278587.819947,305678587.819947,303518587.819947,305438587.819947,2026-07-09T22:54:43.618164+00:00,304478587.819947,26.876320382287332,26.253072304334168,-18.066994378885152,46.69746616143784,305096019.460572,19.821145779150505,146.484375,16384,2400000.0,0.0
184,304814404.23654014,307214404.23654014,305054404.23654014,306974404.23654014,2026-07-09T22:54:43.676446+00:00,306014404.23654014,26.7454567614315,26.10576830804831,-35.639440926868716,54.404580687117566,307199902.28341514,27.659123925686064,146.484375,16384,2400000.0,0.0
185,306350220.6531333,308750220.6531333,306590220.6531333,308510220.6531333,2026-07-09T22:54:43.734348+00:00,307550220.6531333,26.44911410796204,25.766613107753813,-11.746584826616742,60.51985011274511,307199976.5125083,34.07073600478307,146.484375,16384,2400000.0,0.0
186,307886037.06972635,310286037.06972635,308126037.06972635,310046037.06972635,2026-07-09T22:54:43.793622+00:00,309086037.06972635,24.812235558602325,23.99506831078357,-15.636983314980865,39.647436717999966,308431984.33535135,14.835201159397641,146.484375,16384,2400000.0,0.0
187,309421853.4863195,311821853.4863195,309661853.4863195,311581853.4863195,2026-07-09T22:54:43.852418+00:00,310621853.4863195,24.302436267996036,23.387069847050654,-14.498542382655959,37.41929533512939,311444216.7675695,13.116859067133355,146.484375,16384,2400000.0,0.0
188,310957669.9029126,313357669.9029126,311197669.9029126,313117669.9029126,2026-07-09T22:54:43.911507+00:00,312157669.9029126,26.06411401554236,25.27744819597512,-15.91361284145561,57.935718468730855,311999906.2310376,31.871604453188496,146.484375,16384,2400000.0,0.0
189,312493486.31950575,314893486.31950575,312733486.31950575,314653486.31950575,2026-07-09T22:54:43.970401+00:00,313693486.31950575,28.03508467714627,27.34357152661413,-27.100041520678744,44.52004165145883,313723222.64763075,16.484956974312563,146.484375,16384,2400000.0,0.0
190,314029302.7360988,316429302.7360988,314269302.7360988,316189302.7360988,2026-07-09T22:54:44.030060+00:00,315229302.7360988,28.74241704349701,28.143647388226885,-10.56682470254688,45.56924308571139,316003912.1110988,16.826826042214382,146.484375,16384,2400000.0,0.0
191,315565119.15269196,317965119.15269196,315805119.15269196,317725119.15269196,2026-07-09T22:54:44.088654+00:00,316765119.15269196,28.450057276451908,27.746879256532374,-9.007956334523753,68.41674960973639,316799982.43394196,39.96669233328448,146.484375,16384,2400000.0,0.0
192,317100935.5692851,319500935.5692851,317340935.5692851,319260935.5692851,2026-07-09T22:54:44.147641+00:00,318300935.5692851,27.429010313503817,26.76505386099349,-16.775111088560834,44.31687785549837,317726863.3036601,16.887867541994552,146.484375,16384,2400000.0,0.0
193,318636751.98587817,321036751.98587817,318876751.98587817,320796751.98587817,2026-07-09T22:54:44.207510+00:00,319836751.98587817,25.893292398598597,25.108196586730816,-17.97886035178944,39.86004578081763,319442855.50150317,13.966753382219032,146.484375,16384,2400000.0,0.0
194,320172568.4024713,322572568.4024713,320412568.4024713,322332568.4024713,2026-07-09T22:54:44.266389+00:00,321372568.4024713,25.75825253291762,24.92699006615888,-16.110583965912845,59.017036554016904,321599912.1524713,33.25878402109929,146.484375,16384,2400000.0,0.0
195,321708384.81906444,324108384.81906444,321948384.81906444,323868384.81906444,2026-07-09T22:54:44.325597+00:00,322908384.81906444,28.546663063528825,27.82274350109048,-10.532675579521175,45.03707726934983,323447300.83468944,16.490414205821004,146.484375,16384,2400000.0,0.0
196,323244201.2356575,325644201.2356575,323484201.2356575,325404201.2356575,2026-07-09T22:54:44.383708+00:00,324444201.2356575,30.1619810596327,29.479423309245952,-20.098388246690973,45.991169932538526,325154211.0012825,15.829188872905824,146.484375,16384,2400000.0,0.0
197,324780017.65225065,327180017.65225065,325020017.65225065,326940017.65225065,2026-07-09T22:54:44.441630+00:00,325980017.65225065,30.28854196545832,29.601330332331898,-8.93538785255225,62.7938887460892,326399988.35537565,32.50534678063088,146.484375,16384,2400000.0,0.0
198,326315834.0688438,328715834.0688438,326555834.0688438,328475834.0688438,2026-07-09T22:54:44.500447+00:00,327515834.0688438,29.951910906902746,29.255505665539502,-7.578012947538209,56.9689295025407,326400062.5844688,27.017018595637957,146.484375,16384,2400000.0,0.0
199,327851650.48543686,330251650.48543686,328091650.48543686,330011650.48543686,2026-07-09T22:54:44.559898+00:00,329051650.48543686,28.668579792969958,28.08466786403296,-14.568993674749162,44.99995126785471,328545107.51668686,16.331371474884754,146.484375,16384,2400000.0,0.0
200,329387466.90203,331787466.90203,329627466.90203,331547466.90203,2026-07-09T22:54:44.619283+00:00,330587466.90203,26.624034889927934,25.94930170707684,-8.870778770648222,65.90925932650296,331199918.073905,39.28522443657503,146.484375,16384,2400000.0,0.0
201,330923283.3186231,333323283.3186231,331163283.3186231,333083283.3186231,2026-07-09T22:54:44.677384+00:00,332123283.3186231,27.71840947432839,27.04701533730934,-17.98763326118547,65.38062132774962,331199992.3029981,37.66221185342123,146.484375,16384,2400000.0,0.0
202,332459099.7352162,334859099.7352162,332699099.7352162,334619099.7352162,2026-07-09T22:54:44.734480+00:00,333659099.7352162,30.422100004895505,29.772373685171186,-8.377524475156257,47.06920416252455,334368523.5633412,16.647104157629045,146.484375,16384,2400000.0,0.0
203,333994916.15180933,336394916.15180933,334234916.15180933,336154916.15180933,2026-07-09T22:54:44.791980+00:00,335194916.15180933,30.68866041091888,30.068890065498962,-12.229398006445692,61.76688912917956,335999994.27680933,31.07822871826068,146.484375,16384,2400000.0,0.0
204,335530732.56840247,337930732.56840247,335770732.56840247,337690732.56840247,2026-07-09T22:54:44.850366+00:00,336730732.56840247,30.411115269252647,29.785903916975577,-13.716727271040162,60.44089075679551,336000068.50590247,30.029775487542864,146.484375,16384,2400000.0,0.0
205,337066548.98499554,339466548.98499554,337306548.98499554,339226548.98499554,2026-07-09T22:54:44.909582+00:00,338266548.98499554,29.815493803151192,29.11552882496074,-22.051151801950848,45.73706985204662,338268306.79749554,15.921576048895432,146.484375,16384,2400000.0,0.0
206,338602365.4015887,341002365.4015887,338842365.4015887,340762365.4015887,2026-07-09T22:54:44.969492+00:00,339802365.4015887,27.932547831927806,27.361160305171417,-11.205806525124636,58.163950761000294,340799923.9953387,30.231402929072487,146.484375,16384,2400000.0,0.0
207,340138181.8181818,342538181.8181818,340378181.8181818,342298181.8181818,2026-07-09T22:54:45.029531+00:00,341338181.8181818,26.34258714382712,25.50265887641975,-25.908664173750033,59.52977735737102,340799851.7400568,33.1871902135439,146.484375,16384,2400000.0,0.0
208,341673998.23477495,344073998.23477495,341913998.23477495,343833998.23477495,2026-07-09T22:54:45.089278+00:00,342873998.23477495,28.067088292080335,27.33750568055404,-24.267210793331184,44.94318337983173,343682591.98477495,16.876095087751395,146.484375,16384,2400000.0,0.0
209,343209814.651368,345609814.651368,343449814.651368,345369814.651368,2026-07-09T22:54:45.148531+00:00,344409814.651368,29.123444214694807,28.535214953608378,-18.331874290905002,63.83239693722949,345600000.198243,34.70895272253468,146.484375,16384,2400000.0,0.0
210,344745631.06796116,347145631.06796116,344985631.06796116,346905631.06796116,2026-07-09T22:54:45.206986+00:00,345945631.06796116,29.556315519062395,28.868048490036063,-11.865990218718409,70.02526220825939,345599927.94296116,40.468946689197,146.484375,16384,2400000.0,0.0
211,346281447.4845543,348681447.4845543,346521447.4845543,348441447.4845543,2026-07-09T22:54:45.266322+00:00,347481447.4845543,29.305444500158863,28.633968478231687,-12.075475018071264,44.701208930658176,346850978.7345543,15.395764430499312,146.484375,16384,2400000.0,0.0
212,347817263.90114737,350217263.90114737,348057263.90114737,349977263.90114737,2026-07-09T22:54:45.325628+00:00,349017263.90114737,28.229254484224555,27.487102593959605,-14.797787020258632,43.013302075726344,348351199.44802237,14.784047591501789,146.484375,16384,2400000.0,0.0
213,349353080.3177405,351753080.3177405,349593080.3177405,351513080.3177405,2026-07-09T22:54:45.384524+00:00,350553080.3177405,26.003807191439627,25.170837970299942,-9.677415274430471,57.927011819486545,350399857.6614905,31.923204628046918,146.484375,16384,2400000.0,0.0
214,350888896.73433363,353288896.73433363,351128896.73433363,353048896.73433363,2026-07-09T22:54:45.443473+00:00,352088896.73433363,25.809118563819986,25.062883672367867,-38.10176906529382,44.67682462755245,353135820.56245863,18.867706063732463,146.484375,16384,2400000.0,0.0
215,352424713.1509267,354824713.1509267,352664713.1509267,354584713.1509267,2026-07-09T22:54:45.502470+00:00,353624713.1509267,27.60024727476212,27.046304648119275,-15.75912797514775,48.36066097864471,353783941.6665517,20.76041370388259,146.484375,16384,2400000.0,0.0
216,353960529.56751984,356360529.56751984,354200529.56751984,356120529.56751984,2026-07-09T22:54:45.561055+00:00,355160529.56751984,27.558962525562993,27.246197921919048,-11.813871930739094,65.85235832539352,355199933.86439484,38.293395799830535,146.484375,16384,2400000.0,0.0
217,355496345.984113,357896345.984113,355736345.984113,357656345.984113,2026-07-09T22:54:45.620537+00:00,356696345.984113,26.54656351165874,26.307113735446592,-11.311583317451708,52.49933817691989,357719978.796613,25.952774665261153,146.484375,16384,2400000.0,0.0
218,357032162.40070605,359432162.40070605,357272162.40070605,359192162.40070605,2026-07-09T22:54:45.678469+00:00,358232162.40070605,25.89966666354453,25.601175163375892,-22.526989607084083,55.27942928114222,358856039.35383105,29.37976261759769,146.484375,16384,2400000.0,0.0
219,358567978.8172992,360967978.8172992,358807978.8172992,360727978.8172992,2026-07-09T22:54:45.736058+00:00,359767978.8172992,24.980300041635914,24.398133916369368,-12.551726785764416,63.57209317399889,359999863.5829242,38.59179313236297,146.484375,16384,2400000.0,0.0
220,360103795.2338923,362503795.2338923,360343795.2338923,362263795.2338923,2026-07-09T22:54:45.794600+00:00,361303795.2338923,24.873454965291096,24.12406368390517,-23.136212355332976,49.60866599260626,362399937.8120173,24.735211027315167,146.484375,16384,2400000.0,0.0
221,361639611.6504854,364039611.6504854,361879611.6504854,363799611.6504854,2026-07-09T22:54:45.854164+00:00,362839611.6504854,25.94482799438652,25.287760867021067,-13.449367792500029,44.36525520361258,363952013.9942354,18.420427209226055,146.484375,16384,2400000.0,0.0
222,363175428.06707853,365575428.06707853,363415428.06707853,365335428.06707853,2026-07-09T22:54:45.912468+00:00,364375428.06707853,27.468191762650058,27.14973279776273,-16.052234679620533,62.052171629352216,364799939.78582853,34.58397986670216,146.484375,16384,2400000.0,0.0
223,364711244.48367167,367111244.48367167,364951244.48367167,366871244.48367167,2026-07-09T22:54:45.971427+00:00,365911244.48367167,28.09429805698304,27.67167808122029,-16.660288273924284,55.98319237554552,364800014.01492167,27.888894318562482,146.484375,16384,2400000.0,0.0
224,366247060.90026474,368647060.90026474,366487060.90026474,368407060.90026474,2026-07-09T22:54:46.030441+00:00,367447060.90026474,28.085715869518054,27.621533597430407,-26.593462120227898,45.40665916418054,367336025.74401474,17.320943294662484,146.484375,16384,2400000.0,0.0
225,367782877.3168579,370182877.3168579,368022877.3168579,369942877.3168579,2026-07-09T22:54:46.090473+00:00,368982877.3168579,26.87308296906828,26.27788739681369,-9.198297513714675,53.35833982032804,369599869.5043579,26.48525685125976,146.484375,16384,2400000.0,0.0
226,369318693.733451,371718693.733451,369558693.733451,371478693.733451,2026-07-09T22:54:46.149166+00:00,370518693.733451,24.93562178057009,24.05883345038619,-18.073275243405753,53.183375797054765,369599943.733451,28.247754016484674,146.484375,16384,2400000.0,0.0
227,370854510.1500441,373254510.1500441,371094510.1500441,373014510.1500441,2026-07-09T22:54:46.206920+00:00,372054510.1500441,24.292694789943937,23.55558989801169,-24.772275003422934,39.97864551171871,372580535.5406691,15.685950721774773,146.484375,16384,2400000.0,0.0
228,372390326.5666372,374790326.5666372,372630326.5666372,374550326.5666372,2026-07-09T22:54:46.265951+00:00,373590326.5666372,26.873317873256205,26.208908451954947,-16.271823849060283,68.12246506905213,374399945.7072622,41.24914719579592,146.484375,16384,2400000.0,0.0
229,373926142.98323035,376326142.98323035,374166142.98323035,376086142.98323035,2026-07-09T22:54:46.324775+00:00,375126142.98323035,27.996245517397192,27.398007042529436,-19.341083317846266,67.53314847339074,374400019.93635535,39.53690295599355,146.484375,16384,2400000.0,0.0
230,375461959.3998235,377861959.3998235,375701959.3998235,377621959.3998235,2026-07-09T22:54:46.384423+00:00,376661959.3998235,27.754230727061202,27.06586825831836,-21.447511357316984,44.52390808928825,376006588.3060735,16.769677362227046,146.484375,16384,2400000.0,0.0
231,376997775.81641656,379397775.81641656,377237775.81641656,379157775.81641656,2026-07-09T22:54:46.442636+00:00,378197775.81641656,26.19931169076547,25.463344002575994,-19.887316073022866,46.97515180994806,379199875.42579156,20.77584011918259,146.484375,16384,2400000.0,0.0
232,378533592.2330097,380933592.2330097,378773592.2330097,380693592.2330097,2026-07-09T22:54:46.501716+00:00,379733592.2330097,23.219090020312642,22.49424801170029,-29.126173178877654,48.87250823598894,379199949.6548847,25.653418215676297,146.484375,16384,2400000.0,0.0
233,380069408.64960283,382469408.64960283,380309408.64960283,382229408.64960283,2026-07-09T22:54:46.560647+00:00,381269408.64960283,23.133906731011734,22.320511688482554,-28.771933101044496,38.21283210844493,382127367.63397783,15.078925377433194,146.484375,16384,2400000.0,0.0
234,381605225.0661959,384005225.0661959,381845225.0661959,383765225.0661959,2026-07-09T22:54:46.619521+00:00,382805225.0661959,24.775116836512034,24.08795969576173,-18.79622828373096,38.656326967494266,382306592.2536959,13.881210130982232,146.484375,16384,2400000.0,0.0
235,383141041.48278904,385541041.48278904,383381041.48278904,385301041.48278904,2026-07-09T22:54:46.678284+00:00,384341041.48278904,26.049865916124347,25.300088171401384,-32.33028448937203,41.77637519367081,384000025.85778904,15.726509277546462,146.484375,16384,2400000.0,0.0
236,384676857.8993822,387076857.8993822,384916857.8993822,386836857.8993822,2026-07-09T22:54:46.735527+00:00,385876857.8993822,26.022803120522866,25.39435187204549,-12.051614340822399,42.47093087411544,385456447.7431322,16.448127753592573,146.484375,16384,2400000.0,0.0
237,386212674.31597525,388612674.31597525,386452674.31597525,388372674.31597525,2026-07-09T22:54:46.792421+00:00,387412674.31597525,24.905261844036332,24.254158992695174,-16.203182259304214,40.77230813912469,386796414.55035025,15.867046295088358,146.484375,16384,2400000.0,0.0
238,387748490.7325684,390148490.7325684,387988490.7325684,389908490.7325684,2026-07-09T22:54:46.848940+00:00,388948490.7325684,22.923873242458967,22.26816574601432,-17.148767616209927,56.86382422326183,388799955.5763184,33.93995098080286,146.484375,16384,2400000.0,0.0
239,389284307.1491615,391684307.1491615,389524307.1491615,391444307.1491615,2026-07-09T22:54:46.905964+00:00,390484307.1491615,20.312995258158878,19.63785141768848,-21.297248195173097,37.757470396650646,389728594.2585365,17.444475138491768,146.484375,16384,2400000.0,0.0
240,390820123.5657546,393220123.5657546,391060123.5657546,392980123.5657546,2026-07-09T22:54:46.962595+00:00,392020123.5657546,19.70285977119222,18.843553904004665,-17.882586656092823,33.45395334038206,392037115.7532546,13.751093569189837,146.484375,16384,2400000.0,0.0
241,392355939.9823477,394755939.9823477,392595939.9823477,394515939.9823477,2026-07-09T22:54:47.019854+00:00,393555939.9823477,20.1440692112278,19.344881921775517,-23.775402384607712,46.080542583120035,393600031.7792227,25.936473371892234,146.484375,16384,2400000.0,0.0
242,393891756.39894086,396291756.39894086,394131756.39894086,396051756.39894086,2026-07-09T22:54:47.077361+00:00,395091756.39894086,21.12999505383843,20.331315935289847,-20.69575616840386,35.79848140382559,394261482.96144086,14.668486349987159,146.484375,16384,2400000.0,0.0
243,395427572.81553394,397827572.81553394,395667572.81553394,397587572.81553394,2026-07-09T22:54:47.133871+00:00,396627572.81553394,21.213203503618644,20.512933817168367,-13.253281931001803,37.9162940961644,396550961.48740894,16.703090592545756,146.484375,16384,2400000.0,0.0
244,396963389.2321271,399363389.2321271,397203389.2321271,399123389.2321271,2026-07-09T22:54:47.190738+00:00,398163389.2321271,19.98299297087116,19.304011772722514,-24.045410268382575,37.63657883671179,398399961.4977521,17.653585865840633,146.484375,16384,2400000.0,0.0
245,398499205.6487202,400899205.6487202,398739205.6487202,400659205.6487202,2026-07-09T22:54:47.247740+00:00,399699205.6487202,17.919063174563647,17.17102187861515,-18.595845486860615,35.887003062081384,398849010.3362202,17.967939887517737,146.484375,16384,2400000.0,0.0
246,400035022.0653133,402435022.0653133,400275022.0653133,402195022.0653133,2026-07-09T22:54:47.304507+00:00,401235022.0653133,15.52455289714367,14.642267743464453,-32.72871902232139,30.01437094612447,400768176.3621883,14.4898180489808,146.484375,16384,2400000.0,0.0
247,401570838.4819064,403970838.4819064,401810838.4819064,403730838.4819064,2026-07-09T22:54:47.361543+00:00,402770838.4819064,13.98445618825264,13.140927379501875,-33.0451060617511,61.93256980155786,403200037.7006564,47.948113613305225,146.484375,16384,2400000.0,0.0
248,403106654.89849955,405506654.89849955,403346654.89849955,405266654.89849955,2026-07-09T22:54:47.418249+00:00,404306654.89849955,14.91871896579475,14.169421150379401,-29.539649651556864,56.96519195946075,403199965.44537455,42.046472993666,146.484375,16384,2400000.0,0.0
249,404642471.3150927,407042471.3150927,404882471.3150927,406802471.3150927,2026-07-09T22:54:47.475311+00:00,405842471.3150927,15.676599560577746,14.806497178784149,-32.14961198777384,29.157059840370223,405715762.3307177,13.480460279792478,146.484375,16384,2400000.0,0.0
250,406178287.73168576,408578287.73168576,406418287.73168576,408338287.73168576,2026-07-09T22:54:47.533831+00:00,407378287.73168576,14.31217735769027,13.494418366509308,-27.255347231051648,34.28699428909645,407999967.41918576,19.974816931406178,146.484375,16384,2400000.0,0.0
251,407714104.1482789,410114104.1482789,407954104.1482789,409874104.1482789,2026-07-09T22:54:47.592344+00:00,408914104.1482789,13.067566537022799,12.159260836089402,-33.11416074701,34.563652105879726,407999895.1639039,21.496085568856927,146.484375,16384,2400000.0,0.0
252,409249920.564872,411649920.564872,409489920.564872,411409920.564872,2026-07-09T22:54:47.651317+00:00,410449920.564872,11.973805512691179,11.068064151317522,-32.97500382133479,26.011010809627372,410176287.752372,14.037205296936193,146.484375,16384,2400000.0,0.0
253,410785736.9814651,413185736.9814651,411025736.9814651,412945736.9814651,2026-07-09T22:54:47.709907+00:00,411985736.9814651,12.13840816921065,11.255451962828115,-28.220771560369773,36.80797909243503,412800043.6220901,24.669570923224384,146.484375,16384,2400000.0,0.0
254,412321553.39805824,414721553.39805824,412561553.39805824,414481553.39805824,2026-07-09T22:54:47.768640+00:00,413521553.39805824,12.310393437598787,11.47627367072239,-22.66503091202996,36.19463290705394,412799971.36680824,23.884239469455157,146.484375,16384,2400000.0,0.0
255,413857369.81465137,416257369.81465137,414097369.81465137,416017369.81465137,2026-07-09T22:54:47.828051+00:00,415057369.81465137,12.252644468686569,11.414602159427355,-26.015503978468388,32.274575929938436,414984860.04902637,20.021931461251867,146.484375,16384,2400000.0,0.0
256,415393186.23124444,417793186.23124444,415633186.23124444,417553186.23124444,2026-07-09T22:54:47.886869+00:00,416593186.23124444,11.991322599821792,11.098042970706194,-26.10192134126514,43.92108150358426,417599973.34061944,31.92975890376247,146.484375,16384,2400000.0,0.0
257,416929002.6478376,419329002.6478376,417169002.6478376,419089002.6478376,2026-07-09T22:54:47.947097+00:00,418129002.6478376,11.767392299141662,10.944968892790554,-32.252538790912375,45.35943143760708,417599901.0853376,33.59203913846542,146.484375,16384,2400000.0,0.0
258,418464819.0644307,420864819.0644307,418704819.0644307,420624819.0644307,2026-07-09T22:54:48.006817+00:00,419664819.0644307,11.826628003023504,10.92844305411274,-36.66654301970277,26.03725942262763,418863988.9863057,14.210631419604127,146.484375,16384,2400000.0,0.0
259,420000635.4810238,422400635.4810238,420240635.4810238,422160635.4810238,2026-07-09T22:54:48.066293+00:00,421200635.4810238,11.527625180290446,10.663520877835069,-24.761024490604157,27.97053767668698,422400049.5435238,16.442912496396534,146.484375,16384,2400000.0,0.0
260,421536451.8976169,423936451.8976169,421776451.8976169,423696451.8976169,2026-07-09T22:54:48.124544+00:00,422736451.8976169,12.516603066173484,11.654771347427873,-28.177194616411153,36.13440051951481,422399977.2882419,23.61779745334133,146.484375,16384,2400000.0,0.0
261,423072268.31421006,425472268.31421006,423312268.31421006,425232268.31421006,2026-07-09T22:54:48.183279+00:00,424272268.31421006,13.147339798650897,12.307060013182983,-29.055290055458528,25.409309245767943,423970803.47046006,12.261969447117046,146.484375,16384,2400000.0,0.0
262,424608084.73080313,427008084.73080313,424848084.73080313,426768084.73080313,2026-07-09T22:54:48.241306+00:00,425808084.73080313,12.787424617835827,11.929205180566854,-31.21082223118657,24.740745977360376,425624539.80892813,11.95332135952455,146.484375,16384,2400000.0,0.0
263,426143901.14739627,428543901.14739627,426383901.14739627,428303901.14739627,2026-07-09T22:54:48.299401+00:00,427343901.14739627,11.491085953342619,10.593567687417702,-29.79530575227221,31.564822244171,427199907.00677127,20.073736290828382,146.484375,16384,2400000.0,0.0
264,427679717.5639894,430079717.5639894,427919717.5639894,429839717.5639894,2026-07-09T22:54:48.358364+00:00,428879717.5639894,11.065053437704353,10.218720854517914,-44.328011353539466,23.097541827175515,428702764.4389894,12.032488389471162,146.484375,16384,2400000.0,0.0
265,429215533.9805825,431615533.9805825,429455533.9805825,431375533.9805825,2026-07-09T22:54:48.417885+00:00,430415533.9805825,10.931991984494132,10.038666524120092,-32.694289551798256,23.873886392118653,430364703.9024575,12.94189440762452,146.484375,16384,2400000.0,0.0
266,430751350.3971756,433151350.3971756,430991350.3971756,432911350.3971756,2026-07-09T22:54:48.476624+00:00,431951350.3971756,10.999638268828914,10.158071726252167,-35.99114905561357,31.161712719266838,431863166.8034256,20.162074450437924,146.484375,16384,2400000.0,0.0
267,432287166.81376874,434687166.81376874,432527166.81376874,434447166.81376874,2026-07-09T22:54:48.535406+00:00,433487166.81376874,11.013941135307633,10.178422418804391,-35.018534898004695,30.363503990873568,432863143.37626874,19.349562855565935,146.484375,16384,2400000.0,0.0
268,433822983.2303619,436222983.2303619,434062983.2303619,435982983.2303619,2026-07-09T22:54:48.592724+00:00,435022983.2303619,11.15382154003797,10.256613475344498,-52.28789279006747,23.994759547819267,434530502.7616119,12.840938007781297,146.484375,16384,2400000.0,0.0
269,435358799.64695495,437758799.64695495,435598799.64695495,437518799.64695495,2026-07-09T22:54:48.649840+00:00,436558799.64695495,11.028874604868566,10.16210465675744,-37.19156295827583,34.24942082467846,436799912.92820495,23.220546219809894,146.484375,16384,2400000.0,0.0
270,436894616.0635481,439294616.0635481,437134616.0635481,439054616.0635481,2026-07-09T22:54:48.707795+00:00,438094616.0635481,10.995661370219374,10.121101283179485,-30.89502262543136,23.2413607164921,437447155.1260481,12.245699346272726,146.484375,16384,2400000.0,0.0
271,438430432.4801412,440830432.4801412,438670432.4801412,440590432.4801412,2026-07-09T22:54:48.766436+00:00,439630432.4801412,11.192494968228024,10.304937923665474,-29.371106011594073,23.163212218102856,438868127.7926412,11.970717249874832,146.484375,16384,2400000.0,0.0
272,439966248.8967343,442366248.8967343,440206248.8967343,442126248.8967343,2026-07-09T22:54:48.824301+00:00,441166248.8967343,11.70607431309164,10.830381252425022,-26.98156976712371,36.79539759621563,441599842.6467343,25.08932328312399,146.484375,16384,2400000.0,0.0
273,441502065.31332743,443902065.31332743,441742065.31332743,443662065.31332743,2026-07-09T22:54:48.882627+00:00,442702065.31332743,11.709368171531427,10.863045093614842,-38.24928814758207,32.76349526632916,441599770.39145243,21.05412709479773,146.484375,16384,2400000.0,0.0
274,443037881.72992057,445437881.72992057,443277881.72992057,445197881.72992057,2026-07-09T22:54:48.941234+00:00,444237881.72992057,11.589568643285983,10.712573208112126,-31.074016218693266,26.0188689371255,444625332.90179557,14.429300293839518,146.484375,16384,2400000.0,0.0
275,444573698.14651364,446973698.14651364,444813698.14651364,446733698.14651364,2026-07-09T22:54:48.999974+00:00,445773698.14651364,11.625134693179174,10.710047867785836,-38.01017718038054,28.398045374801256,446399918.84963864,16.772910681622083,146.484375,16384,2400000.0,0.0
276,446109514.5631068,448509514.5631068,446349514.5631068,448269514.5631068,2026-07-09T22:54:49.058326+00:00,447309514.5631068,11.507551805146864,10.669276808747352,-25.52725208991849,28.156130152266222,446399846.5943568,16.648578347119358,146.484375,16384,2400000.0,0.0
277,447645330.9796999,450045330.9796999,447885330.9796999,449805330.9796999,2026-07-09T22:54:49.116544+00:00,448845330.9796999,11.504387269407136,10.575334381315582,-25.637096249732174,42.34397192056243,449000018.4796999,30.839584651155295,146.484375,16384,2400000.0,0.0
278,449181147.396293,451581147.396293,449421147.396293,451341147.396293,2026-07-09T22:54:49.175497+00:00,450381147.396293,11.29056593047776,10.394288943933041,-27.752328859713586,37.230274073242775,451199995.052543,25.939708142765014,146.484375,16384,2400000.0,0.0
279,450716963.8128861,453116963.8128861,450956963.8128861,452876963.8128861,2026-07-09T22:54:49.235685+00:00,451916963.8128861,11.300575465842659,10.43513439168827,-23.327783816492985,37.45693454520175,451199776.3128861,26.15635907935909,146.484375,16384,2400000.0,0.0
280,452252780.22947925,454652780.22947925,452492780.22947925,454412780.22947925,2026-07-09T22:54:49.294448+00:00,453452780.22947925,11.590284928318844,10.70922783562534,-31.079810229717978,27.563543180976005,452737936.47947925,15.97325825265716,146.484375,16384,2400000.0,0.0
281,453788596.6460723,456188596.6460723,454028596.6460723,455948596.6460723,2026-07-09T22:54:49.353060+00:00,454988596.6460723,11.76854210254198,10.837573959608292,-27.974961294229068,34.84200648406346,455999924.7710723,23.073464381521482,146.484375,16384,2400000.0,0.0
282,455324413.06266546,457724413.06266546,455564413.06266546,457484413.06266546,2026-07-09T22:54:49.411088+00:00,456524413.06266546,11.385725749611538,10.589933754011241,-33.29904236062444,36.13532911111692,455999852.51579046,24.74960336150538,146.484375,16384,2400000.0,0.0
283,456860229.4792586,459260229.4792586,457100229.4792586,459020229.4792586,2026-07-09T22:54:49.469104+00:00,458060229.4792586,10.91271841058455,10.009843821560935,-27.81778715742886,29.7778167036659,458950415.0261336,18.86509829308135,146.484375,16384,2400000.0,0.0
284,458396045.8958517,460796045.8958517,458636045.8958517,460556045.8958517,2026-07-09T22:54:49.527634+00:00,459596045.8958517,10.924839139972146,10.10968685641855,-28.24114208569732,45.35262364636125,458400000.9739767,34.4277845063891,146.484375,16384,2400000.0,0.0
285,459931862.3124448,462331862.3124448,460171862.3124448,462091862.3124448,2026-07-09T22:54:49.586503+00:00,461131862.3124448,10.604533999096287,9.747800171416674,-39.224966416787744,52.73714669268655,460799928.7186948,42.13261269359026,146.484375,16384,2400000.0,0.0
286,461467678.72903794,463867678.72903794,461707678.72903794,463627678.72903794,2026-07-09T22:54:49.644382+00:00,462667678.72903794,11.037472278831164,10.10539676955561,-35.79009081898902,23.37822651742341,462775344.74466294,12.340754238592247,146.484375,16384,2400000.0,0.0
287,463003495.1456311,465403495.1456311,463243495.1456311,465163495.1456311,2026-07-09T22:54:49.702118+00:00,464203495.1456311,11.016635598949708,10.167091744257682,-26.427619775558536,23.68363769776256,464288309.5987561,12.667002098812851,146.484375,16384,2400000.0,0.0
288,464539311.56222415,466939311.56222415,464779311.56222415,466699311.56222415,2026-07-09T22:54:49.760861+00:00,465739311.56222415,10.785643178516423,9.855308789163667,-34.421342200738295,34.6025986981715,465599858.43722415,23.816955519655075,146.484375,16384,2400000.0,0.0
289,466075127.9788173,468475127.9788173,466315127.9788173,468235127.9788173,2026-07-09T22:54:49.820372+00:00,467275127.9788173,10.299030349677924,9.396129625599274,-41.439092557070225,22.373175346311825,466578301.8069423,12.074144996633901,146.484375,16384,2400000.0,0.0
290,467610944.3954104,470010944.3954104,467850944.3954104,469770944.3954104,2026-07-09T22:54:49.878883+00:00,468810944.3954104,10.876945944903575,10.009702168929925,-29.075963726940557,24.003160986347204,468533356.5047854,13.12621504144363,146.484375,16384,2400000.0,0.0
291,469146760.8120035,471546760.8120035,469386760.8120035,471306760.8120035,2026-07-09T22:54:49.936376+00:00,470346760.8120035,13.239267304581803,12.729734258641587,-31.21445306935604,49.995032374420376,470309993.2338785,36.755765069838574,146.484375,16384,2400000.0,0.0
292,470682577.2285966,473082577.2285966,470922577.2285966,472842577.2285966,2026-07-09T22:54:49.994402+00:00,471882577.2285966,16.61380269523764,15.875204937024886,-23.3843052900123,32.432831121697596,472567684.6504716,15.819028426459955,146.484375,16384,2400000.0,0.0
293,472218393.64518976,474618393.64518976,472458393.64518976,474378393.64518976,2026-07-09T22:54:50.052512+00:00,473418393.64518976,16.49807539850351,15.79640806882789,-24.233627304512304,32.17587847995902,474320004.97331476,15.677803081455508,146.484375,16384,2400000.0,0.0
294,473754210.06178284,476154210.06178284,473994210.06178284,475914210.06178284,2026-07-09T22:54:50.111377+00:00,474954210.06178284,16.129754656102456,15.446599078810962,-29.901412716228293,46.65654508309031,475199864.35865784,30.52679042698785,146.484375,16384,2400000.0,0.0
295,475290026.478376,477690026.478376,475530026.478376,477450026.478376,2026-07-09T22:54:50.170447+00:00,476490026.478376,13.216941953291283,12.707272851732116,-31.448175366747858,35.500764001948255,476567956.165876,22.283822048656972,146.484375,16384,2400000.0,0.0
296,476825842.8949691,479225842.8949691,477065842.8949691,478985842.8949691,2026-07-09T22:54:50.229765+00:00,478025842.8949691,12.734861693166753,12.48093477500545,-25.995009430878774,44.08377029175476,478855969.8480941,31.348908598588007,146.484375,16384,2400000.0,0.0
297,478361659.3115622,480761659.3115622,478601659.3115622,480521659.3115622,2026-07-09T22:54:50.288768+00:00,479561659.3115622,14.973682661316973,15.057968116111628,-37.25754904519073,59.96742010080044,479999794.0771872,44.99373743948347,146.484375,16384,2400000.0,0.0
298,479897475.7281553,482297475.7281553,480137475.7281553,482057475.7281553,2026-07-09T22:54:50.347140+00:00,481097475.7281553,15.275950815473173,15.313995315987217,-31.395823079592656,56.53865118369659,480000014.7906553,41.26270036822341,146.484375,16384,2400000.0,0.0
299,481433292.14474845,483833292.14474845,481673292.14474845,483593292.14474845,2026-07-09T22:54:50.406172+00:00,482633292.14474845,14.21479822132412,14.239583953132765,-37.09583741483775,43.19648064486703,482279971.83224845,28.98168242354291,146.484375,16384,2400000.0,0.0
300,482969108.5613415,485369108.5613415,483209108.5613415,485129108.5613415,2026-07-09T22:54:50.464738+00:00,484169108.5613415,16.252747762634936,16.2100177146797,-26.992084553321497,40.992227059495434,483431852.7019665,24.739479296860498,146.484375,16384,2400000.0,0.0
301,484504924.97793466,486904924.97793466,484744924.97793466,486664924.97793466,2026-07-09T22:54:50.524763+00:00,485704924.97793466,17.382854103918852,17.171009422403586,-28.108353606921305,40.27313637337024,485145354.66543466,22.89028226945139,146.484375,16384,2400000.0,0.0
302,486040741.3945278,488440741.3945278,486280741.3945278,488200741.3945278,2026-07-09T22:54:50.582210+00:00,487240741.3945278,17.233587029440216,16.788220173276542,-23.696480422164083,36.28887490897489,487343866.3945278,19.055287879534674,146.484375,16384,2400000.0,0.0
303,487576557.81112087,489976557.81112087,487816557.81112087,489736557.81112087,2026-07-09T22:54:50.640695+00:00,488776557.81112087,15.527036383596435,14.974520545315842,-43.91570689830819,50.79043163614277,489599799.99862087,35.26339525254633,146.484375,16384,2400000.0,0.0
304,489112374.227714,491512374.227714,489352374.227714,491272374.227714,2026-07-09T22:54:50.698743+00:00,490312374.227714,13.592736692774459,12.831529263857089,-28.07689390109931,51.67716223466102,489600020.712089,38.08442554188656,146.484375,16384,2400000.0,0.0
305,490648190.64430714,493048190.64430714,490888190.64430714,492808190.64430714,2026-07-09T22:54:50.757548+00:00,491848190.64430714,11.665256833925525,10.823165971358684,-24.32635317085936,25.87787269715089,491323483.61305714,14.212615863225366,146.484375,16384,2400000.0,0.0
306,492184007.0609002,494584007.0609002,492424007.0609002,494344007.0609002,2026-07-09T22:54:50.815800+00:00,493384007.0609002,10.981284852273765,10.080118675444204,-31.41687929841821,28.019014912012977,494310227.7640252,17.03773005973921,146.484375,16384,2400000.0,0.0
307,493719823.47749335,496119823.47749335,493959823.47749335,495879823.47749335,2026-07-09T22:54:50.874783+00:00,494919823.47749335,10.92658762283284,10.105843523047582,-40.355029366219384,30.174608768641498,494310301.99311835,19.248021145808657,146.484375,16384,2400000.0,0.0
308,495255639.8940865,497655639.8940865,495495639.8940865,497415639.8940865,2026-07-09T22:54:50.934676+00:00,496455639.8940865,11.069089021159336,10.187988150583063,-44.30125764716593,24.107004335343007,496297436.7690865,13.037915314183671,146.484375,16384,2400000.0,0.0
309,496791456.3106796,499191456.3106796,497031456.3106796,498951456.3106796,2026-07-09T22:54:50.992990+00:00,497991456.3106796,10.699167215683456,10.044409238798089,-28.84131680462362,45.982595020554626,498498292.2481796,35.28342780487117,146.484375,16384,2400000.0,0.0
310,498327272.7272727,500727272.7272727,498567272.7272727,500487272.7272727,2026-07-09T22:54:51.050410+00:00,499527272.7272727,10.405056113285726,9.748610814591387,-31.99201817567836,45.30742116442929,498904714.1335227,34.90236505114357,146.484375,16384,2400000.0,0.0
311,499863089.1438658,502263089.1438658,500103089.1438658,502023089.1438658,2026-07-09T22:54:51.109178+00:00,501063089.1438658,10.381141153428668,9.517765213193462,-33.14183949019193,34.60479099088201,499873343.0501158,24.22364983745334,146.484375,16384,2400000.0,0.0
312,501398905.56045896,503798905.56045896,501638905.56045896,503558905.56045896,2026-07-09T22:54:51.168612+00:00,502598905.56045896,10.157188557714262,9.328413957323939,-30.973975099793485,25.256601441839255,503476639.93545896,15.099412884124993,146.484375,16384,2400000.0,0.0
313,502934721.97705203,505334721.97705203,503174721.97705203,505094721.97705203,2026-07-09T22:54:51.226691+00:00,504134721.97705203,10.461742173862039,9.554577123016344,-24.97952278491924,42.556893832027214,504000102.83642703,32.09515165816518,146.484375,16384,2400000.0,0.0
314,504470538.39364517,506870538.39364517,504710538.39364517,506630538.39364517,2026-07-09T22:54:51.286054+00:00,505670538.39364517,14.580325909916157,16.707782890967724,-21.675817656533155,67.60586127540988,506310089.17489517,53.025535365493724,146.484375,16384,2400000.0,0.0
315,506006354.8102383,508406354.8102383,506246354.8102383,508166354.8102383,2026-07-09T22:54:51.345099+00:00,507206354.8102383,29.117330633560083,28.03571859700793,-18.300853159151092,66.9014535950845,506310016.9196133,37.78412296152442,146.484375,16384,2400000.0,0.0
316,507542171.2268314,509942171.2268314,507782171.2268314,509702171.2268314,2026-07-09T22:54:51.404004+00:00,508742171.2268314,30.085541647509206,29.364354919912017,-16.24150015216346,44.36371258916714,508819661.4612064,14.278170941657937,146.484375,16384,2400000.0,0.0
317,509077987.6434245,511477987.6434245,509317987.6434245,511237987.6434245,2026-07-09T22:54:51.462771+00:00,510277987.6434245,31.3118756440135,30.499070702209885,-15.553138095055953,45.839429394698676,510432675.1434245,14.527553750685176,146.484375,16384,2400000.0,0.0
318,510613804.06001765,513013804.06001765,510853804.06001765,512773804.06001765,2026-07-09T22:54:51.520941+00:00,511813804.06001765,26.298835018979926,24.92058526562889,-19.089915574355896,44.06849874261522,512225278.66939265,17.769663723635293,146.484375,16384,2400000.0,0.0
319,512149620.4766107,514549620.4766107,512389620.4766107,514309620.4766107,2026-07-09T22:54:51.579499+00:00,513349620.4766107,27.721641295666064,27.317161361935376,-18.291691616340017,49.704140137008054,514044688.8359857,21.98249884134199,146.484375,16384,2400000.0,0.0
320,513685436.89320385,516085436.89320385,513925436.89320385,515845436.89320385,2026-07-09T22:54:51.637975+00:00,514885436.89320385,31.721357871777865,30.825030011988275,-13.313982370435657,48.72256843234082,515521472.04945385,17.001210560562956,146.484375,16384,2400000.0,0.0
321,515221253.309797,517621253.309797,515461253.309797,517381253.309797,2026-07-09T22:54:51.694401+00:00,516421253.309797,33.030201959801495,32.187151526970226,-23.13057510081309,49.22666904612495,516832581.434797,16.19646708632345,146.484375,16384,2400000.0,0.0
322,516757069.72639006,519157069.72639006,516997069.72639006,518917069.72639006,2026-07-09T22:54:51.751306+00:00,517957069.72639006,25.228115316787733,26.3004378661446,-22.491086405993507,51.181519419407834,517445106.83576506,25.9534041026201,146.484375,16384,2400000.0,0.0
323,518292886.1429832,520692886.1429832,518532886.1429832,520452886.1429832,2026-07-09T22:54:51.808535+00:00,519492886.1429832,13.467054260052219,12.68608338345198,-22.181881923775904,47.96970191675442,518399966.2211082,34.502647656702194,146.484375,16384,2400000.0,0.0
324,519828702.55957633,522228702.55957633,520068702.55957633,521988702.55957633,2026-07-09T22:54:51.867048+00:00,521028702.55957633,14.204511420744112,13.3026032020614,-35.48619516009068,28.087089088618555,520775870.52832633,13.882577667874443,146.484375,16384,2400000.0,0.0
325,521364518.9761694,523764518.9761694,521604518.9761694,523524518.9761694,2026-07-09T22:54:51.924286+00:00,522564518.9761694,14.013539025213014,13.118924422238164,-25.68040826920967,28.188665970518137,523200114.6792944,14.175126945305124,146.484375,16384,2400000.0,0.0
326,522900335.39276254,525300335.39276254,523140335.39276254,525060335.39276254,2026-07-09T22:54:51.982017+00:00,524100335.39276254,13.61596103567332,12.79326876607075,-28.542586740812048,28.379099480129128,524720257.26776254,14.763138444455807,146.484375,16384,2400000.0,0.0
327,524436151.8093557,526836151.8093557,524676151.8093557,526596151.8093557,2026-07-09T22:54:52.040292+00:00,525636151.8093557,14.07789203665757,13.275294420545512,-29.420703256088622,28.647183302658767,526287128.3718557,14.569291266001198,146.484375,16384,2400000.0,0.0
328,525971968.2259488,528371968.2259488,526211968.2259488,528131968.2259488,2026-07-09T22:54:52.097756+00:00,527171968.2259488,14.484065108437342,13.692435740474176,-24.59857522207772,34.70638179402346,528000044.3978238,20.222316685586115,146.484375,16384,2400000.0,0.0
329,527507784.6425419,529907784.6425419,527747784.6425419,529667784.6425419,2026-07-09T22:54:52.154976+00:00,528707784.6425419,13.411599604427781,12.59620422368131,-35.22795097356369,35.48242088855324,527999972.1425419,22.07082128412546,146.484375,16384,2400000.0,0.0
330,529043601.059135,531443601.059135,529283601.059135,531203601.059135,2026-07-09T22:54:52.212519+00:00,530243601.059135,13.702163639236154,12.906217890670417,-25.92345091289952,45.73389449488502,530310104.965385,32.03173085564887,146.484375,16384,2400000.0,0.0
331,530579417.47572815,532979417.47572815,530819417.47572815,532739417.47572815,2026-07-09T22:54:52.271324+00:00,531779417.47572815,15.444629159523526,14.690301338340298,-28.516039515331038,42.81892570934275,532800120.60072815,27.374296549819224,146.484375,16384,2400000.0,0.0
332,532115233.8923212,534515233.8923212,532355233.8923212,534275233.8923212,2026-07-09T22:54:52.329828+00:00,533315233.8923212,17.258020867411147,16.453622368263584,-23.16930551398134,44.74938967646676,532800048.3454462,27.491368809055615,146.484375,16384,2400000.0,0.0
333,533651050.30891436,536051050.30891436,533891050.30891436,535811050.30891436,2026-07-09T22:54:52.388091+00:00,534851050.30891436,16.403131779633355,15.841609132299599,-25.810373368163187,36.969880996974695,535479907.73078936,20.56674921734134,146.484375,16384,2400000.0,0.0
334,535186866.7255075,537586866.7255075,535426866.7255075,537346866.7255075,2026-07-09T22:54:52.445776+00:00,536386866.7255075,15.993508463758332,15.494985097618073,-22.85481312526809,36.70904846411405,536608058.1317575,20.715540000355716,146.484375,16384,2400000.0,0.0
335,536722683.1421006,539122683.1421006,536962683.1421006,538882683.1421006,2026-07-09T22:54:52.502789+00:00,537922683.1421006,15.942804424104885,15.298072526651177,-23.725064107253036,39.730338070896,538863991.7358506,23.78753364679112,146.484375,16384,2400000.0,0.0
336,538258499.5586936,540658499.5586936,538498499.5586936,540418499.5586936,2026-07-09T22:54:52.560258+00:00,539458499.5586936,15.532342035616303,14.790270513419575,-32.62285794997077,40.48095995790533,539999905.8086936,24.948617922289024,146.484375,16384,2400000.0,0.0
337,539794315.9752868,542194315.9752868,540034315.9752868,541954315.9752868,2026-07-09T22:54:52.618192+00:00,540994315.9752868,14.989634377424881,14.154602684846608,-26.111955909647982,38.54602900483193,539999833.5534118,23.556394627407048,146.484375,16384,2400000.0,0.0
338,541330132.3918799,543730132.3918799,541570132.3918799,543490132.3918799,2026-07-09T22:54:52.675424+00:00,542530132.3918799,21.76421494797154,20.995445315266725,-21.91049836522349,56.98265336548782,542310112.8606299,35.21843841751628,146.484375,16384,2400000.0,0.0
339,542865948.8084731,545265948.8084731,543105948.8084731,545025948.8084731,2026-07-09T22:54:52.732879+00:00,544065948.8084731,30.422421638245073,29.63295865226823,-10.504623314999913,45.06838787858163,544531036.6990981,14.64596624033656,146.484375,16384,2400000.0,0.0
340,544401765.2250662,546801765.2250662,544641765.2250662,546561765.2250662,2026-07-09T22:54:52.790451+00:00,545601765.2250662,32.07119529381453,31.264565875965502,-9.699780302514577,46.54123696259853,545706794.5219412,14.470041668783999,146.484375,16384,2400000.0,0.0
341,545937581.6416593,548337581.6416593,546177581.6416593,548097581.6416593,2026-07-09T22:54:52.848521+00:00,547137581.6416593,26.02112383606704,25.479817839465298,-31.248722083007102,60.63019334219917,547199983.9854093,34.60906950613213,146.484375,16384,2400000.0,0.0
342,547473398.0582523,549873398.0582523,547713398.0582523,549633398.0582523,2026-07-09T22:54:52.907054+00:00,548673398.0582523,19.45943325345079,18.78125233054817,-18.10178684549602,35.59622863796168,548009384.3863773,16.13679538451089,146.484375,16384,2400000.0,0.0
343,549009214.4748455,551409214.4748455,549249214.4748455,551169214.4748455,2026-07-09T22:54:52.965805+00:00,550209214.4748455,17.190496188128343,16.383227653621912,-19.61150684391384,31.948609615475036,550253159.7873455,14.758113427346693,146.484375,16384,2400000.0,0.0
344,550545030.8914386,552945030.8914386,550785030.8914386,552705030.8914386,2026-07-09T22:54:53.023378+00:00,551745030.8914386,15.191794172483904,14.362087808663393,-25.448699637624976,28.84709046183456,551077794.5633136,13.655296289350657,146.484375,16384,2400000.0,0.0
345,552080847.3080318,554480847.3080318,552320847.3080318,554240847.3080318,2026-07-09T22:54:53.082137+00:00,553280847.3080318,15.80687963455468,15.0603841948366,-31.915329065970276,33.18959401173877,554310193.0111568,17.38271437718409,146.484375,16384,2400000.0,0.0
346,553616663.7246249,556016663.7246249,553856663.7246249,555776663.7246249,2026-07-09T22:54:53.139515+00:00,554816663.7246249,18.414416371293328,17.660431275466944,-19.391404147947355,35.17962592336225,554309974.2714999,16.765209552068924,146.484375,16384,2400000.0,0.0
347,555152480.141218,557552480.141218,555392480.141218,557312480.141218,2026-07-09T22:54:53.198730+00:00,556352480.141218,19.723495460427966,19.13937660977724,-21.607776634502347,37.19341638368154,556799989.906843,17.46992092325357,146.484375,16384,2400000.0,0.0
348,556688296.557811,559088296.557811,556928296.557811,558848296.557811,2026-07-09T22:54:53.257669+00:00,557888296.557811,19.705703205250458,18.988467214763645,-25.780902728151837,36.96719625200694,557151626.635936,17.261493046756485,146.484375,16384,2400000.0,0.0
349,558224112.9744042,560624112.9744042,558464112.9744042,560384112.9744042,2026-07-09T22:54:53.316442+00:00,559424112.9744042,20.991488953267368,21.11896820758856,-19.619595046913016,69.10226914856906,560310050.4744042,48.1107801953017,146.484375,16384,2400000.0,0.0
350,559759929.3909974,562159929.3909974,559999929.3909974,561919929.3909974,2026-07-09T22:54:53.375600+00:00,560959929.3909974,31.682005390706653,30.336175287625117,-20.020273145469453,67.93866548392614,560310271.1878724,36.256660093219494,146.484375,16384,2400000.0,0.0
351,561295745.8075905,563695745.8075905,561535745.8075905,563455745.8075905,2026-07-09T22:54:53.434797+00:00,562495745.8075905,33.11647091756238,32.22922313754083,-8.83667151524223,49.54233384222646,561599847.3700905,16.42586292466408,146.484375,16384,2400000.0,0.0
352,562831562.2241836,565231562.2241836,563071562.2241836,564991562.2241836,2026-07-09T22:54:53.492467+00:00,564031562.2241836,29.628600974270206,28.79397726923158,-24.512416366178677,47.24557695060362,563189570.0366836,17.616975976333414,146.484375,16384,2400000.0,0.0
353,564367378.6407766,566767378.6407766,564607378.6407766,566527378.6407766,2026-07-09T22:54:53.550415+00:00,565567378.6407766,29.10177473859058,28.484954456871552,-9.46147144795027,68.58950928133584,566310200.9064016,39.48773454274526,146.484375,16384,2400000.0,0.0
354,565903195.0573698,568303195.0573698,566143195.0573698,568063195.0573698,2026-07-09T22:54:53.608576+00:00,567103195.0573698,31.77869396996792,30.632729912704583,-11.678148364771456,67.33223939623161,566310128.6511198,35.553545426263696,146.484375,16384,2400000.0,0.0
355,567439011.4739629,569839011.4739629,567679011.4739629,569599011.4739629,2026-07-09T22:54:53.668704+00:00,568639011.4739629,27.846386767875654,27.213661879544848,-28.902222189198454,45.4807477927806,567727146.2395879,17.634361024904944,146.484375,16384,2400000.0,0.0
356,568974827.890556,571374827.890556,569214827.890556,571134827.890556,2026-07-09T22:54:53.726532+00:00,570174827.890556,32.06772666022953,31.357547821162008,-9.314130127397036,50.023905049272685,570116673.593681,17.956178389043153,146.484375,16384,2400000.0,0.0
357,570510644.3071492,572910644.3071492,570750644.3071492,572670644.3071492,2026-07-09T22:54:53.784385+00:00,571710644.3071492,26.047228577126056,25.42055359773726,-18.79115121479876,46.08321670023468,570793945.0883992,20.035988123108623,146.484375,16384,2400000.0,0.0
358,572046460.7237422,574446460.7237422,572286460.7237422,574206460.7237422,2026-07-09T22:54:53.843405+00:00,573246460.7237422,15.638914550258258,14.786771228082408,-28.296392678705796,30.696547752709353,573699536.8956172,15.057633202451095,146.484375,16384,2400000.0,0.0
359,573582277.1403353,575982277.1403353,573822277.1403353,575742277.1403353,2026-07-09T22:54:53.901428+00:00,574782277.1403353,16.520139512736108,15.751066760457881,-25.327938550828087,54.08922831947423,573600001.7497103,37.56908880673812,146.484375,16384,2400000.0,0.0
360,575118093.5569285,577518093.5569285,575358093.5569285,577278093.5569285,2026-07-09T22:54:53.959992+00:00,576318093.5569285,16.961525452102894,16.187460911169154,-31.071873725710844,62.42326477632669,575999929.4944285,45.4617393242238,146.484375,16384,2400000.0,0.0
361,576653909.9735216,579053909.9735216,576893909.9735216,578813909.9735216,2026-07-09T22:54:54.019078+00:00,577853909.9735216,16.669768549117375,15.850424272277737,-38.1596413582974,39.04496110053718,578310062.3172716,22.375192551419804,146.484375,16384,2400000.0,0.0
362,578189726.3901147,580589726.3901147,578429726.3901147,580349726.3901147,2026-07-09T22:54:54.078142+00:00,579389726.3901147,15.164988306454145,14.348252259376764,-31.032500682306328,35.012791878286656,578310283.0307397,19.84780357183251,146.484375,16384,2400000.0,0.0
363,579725542.8067079,582125542.8067079,579965542.8067079,581885542.8067079,2026-07-09T22:54:54.136141+00:00,580925542.8067079,13.995830659402838,13.156107034141142,-26.255429898609755,27.542045830569407,581537993.9785829,13.546215171166569,146.484375,16384,2400000.0,0.0
364,581261359.2233009,583661359.2233009,581501359.2233009,583421359.2233009,2026-07-09T22:54:54.195089+00:00,582461359.2233009,15.038025872201422,14.151324413547439,-23.143422100644912,29.065800273216283,583093439.3014259,14.027774401014861,146.484375,16384,2400000.0,0.0
365,582797175.639894,585197175.639894,583037175.639894,584957175.639894,2026-07-09T22:54:54.253413+00:00,583997175.639894,18.57662588060066,17.906783933970843,-20.86700581821249,58.83057852605076,584310212.749269,40.2539526454501,146.484375,16384,2400000.0,0.0
366,584332992.0564872,586732992.0564872,584572992.0564872,586492992.0564872,2026-07-09T22:54:54.311377+00:00,585532992.0564872,24.093802877853868,23.407111627266666,-14.390393964295644,48.735879950272874,586710140.4939872,24.642077072419006,146.484375,16384,2400000.0,0.0
367,585868808.4730803,588268808.4730803,586108808.4730803,588028808.4730803,2026-07-09T22:54:54.372284+00:00,587068808.4730803,29.335786062233858,28.539933409023106,-17.108622708540185,43.481883710070186,587815878.7855803,14.146097647836328,146.484375,16384,2400000.0,0.0
368,587404624.8896734,589804624.8896734,587644624.8896734,589564624.8896734,2026-07-09T22:54:54.430180+00:00,588604624.8896734,31.03186523626291,30.12405900601128,-13.229718917958746,45.57815139290474,588763853.4052984,14.546286156641834,146.484375,16384,2400000.0,0.0
369,588940441.3062665,591340441.3062665,589180441.3062665,591100441.3062665,2026-07-09T22:54:54.487716+00:00,590140441.3062665,20.216877470604476,21.013792117622693,-19.974314142608872,48.72375149540564,590399865.1343915,28.50687402480116,146.484375,16384,2400000.0,0.0
370,590476257.7228596,592876257.7228596,590716257.7228596,592636257.7228596,2026-07-09T22:54:54.546248+00:00,591676257.7228596,13.936887987634847,13.268752583830377,-29.656237368244305,35.05135611168564,592799939.3634846,21.114468124050795,146.484375,16384,2400000.0,0.0
371,592012074.1394527,594412074.1394527,592252074.1394527,594172074.1394527,2026-07-09T22:54:54.605653+00:00,593212074.1394527,14.311301237216437,13.543009364579248,-29.025787912281963,37.82082200255911,592835316.3269527,23.509520765342675,146.484375,16384,2400000.0,0.0
372,593547890.5560459,595947890.5560459,593787890.5560459,595707890.5560459,2026-07-09T22:54:54.663987+00:00,594747890.5560459,16.23440445671553,15.666271607461155,-33.836902361079865,37.1898797117158,595199941.3372959,20.955475255000266,146.484375,16384,2400000.0,0.0
373,595083706.972639,597483706.972639,595323706.972639,597243706.972639,2026-07-09T22:54:54.722461+00:00,596283706.972639,16.46897360459073,15.894328639692962,-26.545406632038837,41.03064478757945,596567886.660139,24.561671182988718,146.484375,16384,2400000.0,0.0
374,596619523.389232,599019523.389232,596859523.389232,598779523.389232,2026-07-09T22:54:54.780175+00:00,597819523.389232,16.17700214273753,15.634094626671775,-23.67314626685081,41.862362371788855,597720060.498607,25.685360229051327,146.484375,16384,2400000.0,0.0
375,598155339.8058252,600555339.8058252,598395339.8058252,600315339.8058252,2026-07-09T22:54:54.838298+00:00,599355339.8058252,15.193535236491005,14.513024438282294,-29.501795537573376,45.1328197487645,600000017.5402002,29.939284512273492,146.484375,16384,2400000.0,0.0
376,599691156.2224183,602091156.2224183,599931156.2224183,601851156.2224183,2026-07-09T22:54:54.897625+00:00,600891156.2224183,14.632465493451708,13.989859532981054,-35.15033499148983,44.301447917053764,599999945.2849183,29.668982423602056,146.484375,16384,2400000.0,0.0
377,601226972.6390115,603626972.6390115,601466972.6390115,603386972.6390115,2026-07-09T22:54:54.956475+00:00,602426972.6390115,17.160782830839942,16.547410544186043,-23.998608981806804,37.05722961875938,602280048.8108865,19.896446787919437,146.484375,16384,2400000.0,0.0
378,602762789.0556046,605162789.0556046,603002789.0556046,604922789.0556046,2026-07-09T22:54:55.014804+00:00,603962789.0556046,18.955424923188993,18.247330866014607,-28.49118869564721,52.48616818738504,604799947.2587296,33.53074326419605,146.484375,16384,2400000.0,0.0
379,604298605.4721977,606698605.4721977,604538605.4721977,606458605.4721977,2026-07-09T22:54:55.073845+00:00,605498605.4721977,19.31465339200283,18.545147627767747,-21.78403782755351,52.50726981125848,604799875.0034477,33.19261641925566,146.484375,16384,2400000.0,0.0
380,605834421.8887908,608234421.8887908,606074421.8887908,607994421.8887908,2026-07-09T22:54:55.133267+00:00,607034421.8887908,19.105395394946697,18.470627403242652,-20.941921969034716,35.29090695878371,606346824.2325408,16.18551156383701,146.484375,16384,2400000.0,0.0
381,607370238.3053839,609770238.3053839,607610238.3053839,609530238.3053839,2026-07-09T22:54:55.192010+00:00,608570238.3053839,16.725633794103977,15.956419436399964,-19.592380543286037,33.33485604783527,607684886.7428839,16.60922225373129,146.484375,16384,2400000.0,0.0
382,608906054.721977,611306054.721977,609146054.721977,611066054.721977,2026-07-09T22:54:55.251356+00:00,610106054.721977,14.792150294652732,13.888363700848895,-24.34220810640509,28.429716321100862,609645654.331352,13.63756602644813,146.484375,16384,2400000.0,0.0
383,610441871.1385702,612841871.1385702,610681871.1385702,612601871.1385702,2026-07-09T22:54:55.309073+00:00,611641871.1385702,14.444576116553733,13.591799525055865,-31.886253873587634,29.96194442580474,612092164.1073202,15.517368309251008,146.484375,16384,2400000.0,0.0
384,611977687.5551633,614377687.5551633,612217687.5551633,614137687.5551633,2026-07-09T22:54:55.368075+00:00,613177687.5551633,15.277153055173656,14.491864064556175,-24.89116672638616,30.270110506938146,613560744.1957883,14.99295745176449,146.484375,16384,2400000.0,0.0
385,613513503.9717563,615913503.9717563,613753503.9717563,615673503.9717563,2026-07-09T22:54:55.427420+00:00,614713503.9717563,16.128568899762627,15.313188039078195,-52.089240977961275,34.46099440909074,614399880.9248813,18.33242550932811,146.484375,16384,2400000.0,0.0
386,615049320.3883495,617449320.3883495,615289320.3883495,617209320.3883495,2026-07-09T22:54:55.484744+00:00,616249320.3883495,18.948292555707688,18.425196545085782,-23.94718521768896,39.52288781312914,617253324.2945995,20.57459525742145,146.484375,16384,2400000.0,0.0
387,616585136.8049426,618985136.8049426,616825136.8049426,618745136.8049426,2026-07-09T22:54:55.544163+00:00,617785136.8049426,28.81808201248718,27.483272252003907,-20.51240927417691,45.191977486605175,617306865.3205676,16.373895474117994,146.484375,16384,2400000.0,0.0
388,618120953.2215357,620520953.2215357,618360953.2215357,620280953.2215357,2026-07-09T22:54:55.600763+00:00,619320953.2215357,31.626577881927886,30.95521784969722,-13.103670670268501,49.24111777554707,619199957.1277857,17.61453989361918,146.484375,16384,2400000.0,0.0
389,619656769.6381289,622056769.6381289,619896769.6381289,621816769.6381289,2026-07-09T22:54:55.658054+00:00,620856769.6381289,30.351437414203012,29.416562286113226,-10.515622904489865,48.06090164652253,621482111.4350039,17.70946423231952,146.484375,16384,2400000.0,0.0
390,621192586.054722,623592586.054722,621432586.054722,623352586.054722,2026-07-09T22:54:55.714816+00:00,622392586.054722,30.777109646718994,29.534769262916456,-12.936105177694028,47.61352214266586,621567293.085972,16.836412495946863,146.484375,16384,2400000.0,0.0
391,622728402.471315,625128402.471315,622968402.471315,624888402.471315,2026-07-09T22:54:55.771072+00:00,623928402.471315,32.840343535119125,32.01857314634377,-6.494292298772403,45.69858633025133,623177230.596315,12.858242795132206,146.484375,16384,2400000.0,0.0
392,624264218.8879082,626664218.8879082,624504218.8879082,626424218.8879082,2026-07-09T22:54:55.827886+00:00,625464218.8879082,32.951196357734304,32.21265824931304,-5.635483725731479,47.84374109118851,625403720.8410332,14.892544733454208,146.484375,16384,2400000.0,0.0
393,625800035.3045013,628200035.3045013,626040035.3045013,627960035.3045013,2026-07-09T22:54:55.886305+00:00,627000035.3045013,32.8179723934379,32.12550133053555,-13.893699418284672,48.78614093124558,627709898.5857513,15.968168537807685,146.484375,16384,2400000.0,0.0
394,627335851.7210944,629735851.7210944,627575851.7210944,629495851.7210944,2026-07-09T22:54:55.944808+00:00,628535851.7210944,32.51750933951208,31.946677367449496,-14.238648642208773,48.25980285348532,629269591.9554694,15.742293513973237,146.484375,16384,2400000.0,0.0
395,628871668.1376876,631271668.1376876,629111668.1376876,631031668.1376876,2026-07-09T22:54:56.002267+00:00,630071668.1376876,34.60883388487289,33.779795770153314,-10.25620879080603,47.32683537668461,630020838.0595626,12.718001491811727,146.484375,16384,2400000.0,0.0
396,630407484.5542806,632807484.5542806,630647484.5542806,632567484.5542806,2026-07-09T22:54:56.060851+00:00,631607484.5542806,33.96776069228903,33.214041304506914,-9.380891160054933,48.25572981345033,631476088.0699056,14.287969121161296,146.484375,16384,2400000.0,0.0
397,631943300.9708737,634343300.9708737,632183300.9708737,634103300.9708737,2026-07-09T22:54:56.120321+00:00,633143300.9708737,34.01087792695422,33.147670292834064,-3.116550878054955,47.710459055111905,632933681.8302487,13.699581128157682,146.484375,16384,2400000.0,0.0
398,633479117.3874669,635879117.3874669,633719117.3874669,635639117.3874669,2026-07-09T22:54:56.178791+00:00,634679117.3874669,32.04809585196115,31.17943184430893,-17.225554576123372,44.33373847701056,634761441.6062169,12.285642625049412,146.484375,16384,2400000.0,0.0
399,635014933.80406,637414933.80406,635254933.80406,637174933.80406,2026-07-09T22:54:56.237457+00:00,636214933.80406,34.209902648963876,33.35147408717428,-12.655466658241501,47.16776526390505,636224894.74156,12.957862614941178,146.484375,16384,2400000.0,0.0
400,636550750.220653,638950750.220653,636790750.220653,638710750.220653,2026-07-09T22:54:56.295697+00:00,637750750.220653,34.13438686170241,33.384420509320705,-16.17336429199948,48.049655212995866,637457049.048778,13.915268351293456,146.484375,16384,2400000.0,0.0
401,638086566.6372463,640486566.6372463,638326566.6372463,640246566.6372463,2026-07-09T22:54:56.355206+00:00,639286566.6372463,32.65196295274602,31.91453367020167,-7.692216913322021,48.74430793930371,640040814.6841213,16.09234498655769,146.484375,16384,2400000.0,0.0
402,639622383.0538393,642022383.0538393,639862383.0538393,641782383.0538393,2026-07-09T22:54:56.413793+00:00,640822383.0538393,32.00271446388477,30.65414362083305,-8.58481272785573,48.69643091076591,640071357.6632143,16.69371644688114,146.484375,16384,2400000.0,0.0
403,641158199.4704324,643558199.4704324,641398199.4704324,643318199.4704324,2026-07-09T22:54:56.471896+00:00,642358199.4704324,19.358508715509977,19.1231528362378,-24.671061619234237,39.864978342295,641422310.7985574,20.50646962678502,146.484375,16384,2400000.0,0.0
404,642694015.8870256,645094015.8870256,642934015.8870256,644854015.8870256,2026-07-09T22:54:56.530748+00:00,643894015.8870256,18.02919699912356,17.254146577180634,-24.67947257858413,35.12429212673485,643200119.4026506,17.09509512761129,146.484375,16384,2400000.0,0.0
405,644229832.3036187,646629832.3036187,644469832.3036187,646389832.3036187,2026-07-09T22:54:56.588408+00:00,645429832.3036187,18.94338588415744,18.153081097370702,-20.530558166991966,32.7552056737307,646010789.3348687,13.81181978957326,146.484375,16384,2400000.0,0.0
406,645765648.7202117,648165648.7202117,646005648.7202117,647925648.7202117,2026-07-09T22:54:56.647514+00:00,646965648.7202117,19.05352585747622,18.254096275913213,-26.316850843361834,51.65895841583666,647999828.4077117,32.605432558360434,146.484375,16384,2400000.0,0.0
407,647301465.1368049,649701465.1368049,647541465.1368049,649461465.1368049,2026-07-09T22:54:56.705916+00:00,648501465.1368049,19.067597563024442,18.22971046174508,-19.571315778685474,54.582567016327005,648000049.1211799,35.51496945330256,146.484375,16384,2400000.0,0.0
408,648837281.553398,651237281.553398,649077281.553398,650997281.553398,2026-07-09T22:54:56.764121+00:00,650037281.553398,17.6866740625631,16.81191627851058,-33.87638805843359,31.008975592275796,649240260.069023,13.322301529712696,146.484375,16384,2400000.0,0.0
409,650373097.9699911,652773097.9699911,650613097.9699911,652533097.9699911,2026-07-09T22:54:56.822474+00:00,651573097.9699911,17.846030389354176,16.997219794331052,-29.0081769966906,35.487813942942815,652344631.1731161,17.64178355358864,146.484375,16384,2400000.0,0.0
410,651908914.3865843,654308914.3865843,652148914.3865843,654068914.3865843,2026-07-09T22:54:56.880942+00:00,653108914.3865843,18.351608960714465,17.67277359319653,-22.03885821701871,37.88400427171846,653377566.7303343,19.532395311003995,146.484375,16384,2400000.0,0.0
411,653444730.8031774,655844730.8031774,653684730.8031774,655604730.8031774,2026-07-09T22:54:56.940219+00:00,654644730.8031774,19.197680374880058,18.522181344400106,-17.4757016158839,38.71423106053581,654846439.7875524,19.51655068565575,146.484375,16384,2400000.0,0.0
412,654980547.2197704,657380547.2197704,655220547.2197704,657140547.2197704,2026-07-09T22:54:56.999352+00:00,656180547.2197704,19.57490884342696,18.875651049511532,-26.256591385000267,40.22120946214309,656599931.9853954,20.646300618716126,146.484375,16384,2400000.0,0.0
413,656516363.6363636,658916363.6363636,656756363.6363636,658676363.6363636,2026-07-09T22:54:57.058100+00:00,657716363.6363636,19.652895787984157,19.142329572163323,-28.373223721805886,42.5793646825782,657719879.2613636,22.926468894594045,146.484375,16384,2400000.0,0.0
414,658052180.0529567,660452180.0529567,658292180.0529567,660212180.0529567,2026-07-09T22:54:57.116677+00:00,659252180.0529567,18.876569765112503,18.264309001773675,-34.89180763444474,53.463303748421566,659999982.7873317,34.58673398330906,146.484375,16384,2400000.0,0.0
415,659587996.4695499,661987996.4695499,659827996.4695499,661747996.4695499,2026-07-09T22:54:57.177203+00:00,660787996.4695499,18.298819115736826,17.56522483395851,-23.905879685004056,52.97232505214826,659999910.5320499,34.67350593641143,146.484375,16384,2400000.0,0.0
416,661123812.886143,663523812.886143,661363812.886143,663283812.886143,2026-07-09T22:54:57.235762+00:00,662323812.886143,18.85835620242034,18.115257444624653,-33.40242907566414,59.51748379372498,662399838.276768,40.65912759130464,146.484375,16384,2400000.0,0.0
417,662659629.302736,665059629.302736,662899629.302736,664819629.302736,2026-07-09T22:54:57.295505+00:00,663859629.302736,18.62530675499572,17.95703911426215,-25.50149702503088,38.99143439050108,664602012.115236,20.366127635505357,146.484375,16384,2400000.0,0.0
418,664195445.7193292,666595445.7193292,664435445.7193292,666355445.7193292,2026-07-09T22:54:57.354370+00:00,665395445.7193292,19.947824418049965,19.353941419866267,-20.9965528376696,40.37038585213868,664601939.8599542,20.422561434088717,146.484375,16384,2400000.0,0.0
419,665731262.1359223,668131262.1359223,665971262.1359223,667891262.1359223,2026-07-09T22:54:57.413365+00:00,666931262.1359223,21.142132138464213,20.616408776071946,-15.461030822554381,40.4781188355492,666289367.6046723,19.33598669708499,146.484375,16384,2400000.0,0.0
420,667267078.5525154,669667078.5525154,667507078.5525154,669427078.5525154,2026-07-09T22:54:57.472104+00:00,668467078.5525154,21.168441292563884,20.556689222514166,-19.812406902234766,37.98479507036747,667918641.0525154,16.816353777803585,146.484375,16384,2400000.0,0.0
421,668802894.9691086,671202894.9691086,669042894.9691086,670962894.9691086,2026-07-09T22:54:57.530693+00:00,670002894.9691086,20.695146080220688,20.05811414982356,-19.312879197226984,37.911466591337515,669312953.5628586,17.216320511116827,146.484375,16384,2400000.0,0.0
422,670338711.3857017,672738711.3857017,670578711.3857017,672498711.3857017,2026-07-09T22:54:57.588778+00:00,671538711.3857017,18.34472446421556,17.4390559277394,-24.46524265731746,37.236620995169936,671997646.9325767,18.891896530954376,146.484375,16384,2400000.0,0.0
423,671874527.8022947,674274527.8022947,672114527.8022947,674034527.8022947,2026-07-09T22:54:57.646185+00:00,673074527.8022947,17.260070738665775,16.452053496116545,-32.29062466451035,34.71145007059306,673716861.7866697,17.451379331927285,146.484375,16384,2400000.0,0.0
424,673410344.2188879,675810344.2188879,673650344.2188879,675570344.2188879,2026-07-09T22:54:57.705674+00:00,674610344.2188879,18.400454242736494,17.673562934986652,-28.25620629268361,33.206501837098884,674716838.3595129,14.80604759436239,146.484375,16384,2400000.0,0.0
425,674946160.635481,677346160.635481,675186160.635481,677106160.635481,2026-07-09T22:54:57.763734+00:00,676146160.635481,19.903326912056716,19.08604397373668,-20.481745647078462,54.93853610781974,676799920.401106,35.03520919576303,146.484375,16384,2400000.0,0.0
426,676481977.0520741,678881977.0520741,676721977.0520741,678641977.0520741,2026-07-09T22:54:57.821790+00:00,677681977.0520741,19.82586203965647,19.14625006388293,-24.35645687188533,55.465463653433495,676799994.6301991,35.639601613777025,146.484375,16384,2400000.0,0.0
427,678017793.4686673,680417793.4686673,678257793.4686673,680177793.4686673,2026-07-09T22:54:57.881322+00:00,679217793.4686673,18.687522402827078,17.975127005348405,-26.619281102339283,34.23545664443287,679232148.9374173,15.547934241605795,146.484375,16384,2400000.0,0.0
428,679553609.8852603,681953609.8852603,679793609.8852603,681713609.8852603,2026-07-09T22:54:57.939742+00:00,680753609.8852603,17.601910174545385,16.840884640575737,-30.63481908128089,34.81827286364439,681599850.1196353,17.216362689099004,146.484375,16384,2400000.0,0.0
429,681089426.3018534,683489426.3018534,681329426.3018534,683249426.3018534,2026-07-09T22:54:57.999374+00:00,682289426.3018534,17.554866365564465,16.703804159741992,-20.007029325284922,34.20766569928187,681599924.3487284,16.652799333717404,146.484375,16384,2400000.0,0.0
430,682625242.7184466,685025242.7184466,682865242.7184466,684785242.7184466,2026-07-09T22:54:58.059322+00:00,683825242.7184466,16.931676230765532,16.07276455930007,-26.447438228297678,30.255422197850045,683840770.0621966,13.323745967084513,146.484375,16384,2400000.0,0.0
431,684161059.1350397,686561059.1350397,684401059.1350397,686321059.1350397,2026-07-09T22:54:58.118743+00:00,685361059.1350397,17.220990495289826,16.328828968317456,-21.320240628095945,32.96703031720206,686202318.9006647,15.746039821912234,146.484375,16384,2400000.0,0.0
432,685696875.5516328,688096875.5516328,685936875.5516328,687856875.5516328,2026-07-09T22:54:58.177708+00:00,686896875.5516328,17.271898738201358,16.450596790402052,-26.06453029095271,33.93799797838338,686889990.7860078,16.66609924018202,146.484375,16384,2400000.0,0.0
433,687232691.968226,689632691.968226,687472691.968226,689392691.968226,2026-07-09T22:54:58.237981+00:00,688432691.968226,16.626981578461212,15.795855850491513,-28.78303051186117,32.95673229917911,688538160.718226,16.329750720717897,146.484375,16384,2400000.0,0.0
434,688768508.384819,691168508.384819,689008508.384819,690928508.384819,2026-07-09T22:54:58.297409+00:00,689968508.384819,15.945798990416815,15.10604201222379,-27.045575788461633,54.25840605504686,688799856.041069,38.31260706463004,146.484375,16384,2400000.0,0.0
435,690304324.8014121,692704324.8014121,690544324.8014121,692464324.8014121,2026-07-09T22:54:58.356580+00:00,691504324.8014121,16.253883927698134,15.455688110874028,-25.644165661337922,62.7562789918356,691199930.2701621,46.50239506413747,146.484375,16384,2400000.0,0.0
436,691840141.2180053,694240141.2180053,692080141.2180053,694000141.2180053,2026-07-09T22:54:58.414592+00:00,693040141.2180053,16.52950986722557,15.721067973735817,-26.343464851644647,30.51222500754826,693132719.3430053,13.98271514032269,146.484375,16384,2400000.0,0.0
437,693375957.6345984,695775957.6345984,693615957.6345984,695535957.6345984,2026-07-09T22:54:58.473605+00:00,694575957.6345984,17.01669700748896,16.18053508022709,-15.62585168588747,30.88434309932442,694264824.8220984,13.867646091835457,146.484375,16384,2400000.0,0.0
438,694911774.0511914,697311774.0511914,695151774.0511914,697071774.0511914,2026-07-09T22:54:58.532781+00:00,696111774.0511914,17.535663471479523,16.740783799922795,-28.431437798226735,33.738045580281295,696000006.4730664,16.20238210880177,146.484375,16384,2400000.0,0.0
439,696447590.4677846,698847590.4677846,696687590.4677846,698607590.4677846,2026-07-09T22:54:58.591455+00:00,697647590.4677846,17.646683086383398,16.96901289238729,-20.86261766305003,44.93902488108178,697810188.1240346,27.29234179469838,146.484375,16384,2400000.0,0.0
440,697983406.8843777,700383406.8843777,698223406.8843777,700143406.8843777,2026-07-09T22:54:58.651877+00:00,699183406.8843777,17.008182767870572,16.37714856574065,-19.910311700834427,44.53983038007384,699403865.8687527,27.531647612203265,146.484375,16384,2400000.0,0.0
441,699519223.3009708,701919223.3009708,699759223.3009708,701679223.3009708,2026-07-09T22:54:58.709396+00:00,700719223.3009708,15.691317429561035,14.892229489060814,-40.88546021919315,42.38363558273008,699841488.9259708,26.692318153169044,146.484375,16384,2400000.0,0.0
442,701055039.717564,703455039.717564,701295039.717564,703215039.717564,2026-07-09T22:54:58.768420+00:00,702255039.717564,14.952434139596855,14.068952194234436,-21.271129974662962,28.18264394367022,703048106.123814,13.230209804073366,146.484375,16384,2400000.0,0.0
443,702590856.1341571,704990856.1341571,702830856.1341571,704750856.1341571,2026-07-09T22:54:58.826372+00:00,703790856.1341571,14.671582721243528,13.864259937884414,-22.73787468181997,28.52216027827689,704556383.4779071,13.850577557033361,146.484375,16384,2400000.0,0.0
444,704126672.5507501,706526672.5507501,704366672.5507501,706286672.5507501,2026-07-09T22:54:58.885781+00:00,705326672.5507501,15.435151303732614,14.670640596805825,-39.59292452177464,52.38740861157837,705600012.3945001,36.952257307845755,146.484375,16384,2400000.0,0.0
445,705662488.9673433,708062488.9673433,705902488.9673433,707822488.9673433,2026-07-09T22:54:58.944536+00:00,706862488.9673433,16.09772366613621,15.325597201328673,-25.031901827060146,39.56013127574462,707999940.1392183,23.462407609608405,146.484375,16384,2400000.0,0.0
446,707198305.3839364,709598305.3839364,707438305.3839364,709358305.3839364,2026-07-09T22:54:59.003320+00:00,708398305.3839364,15.79197722474357,14.99833245920436,-24.78105617672947,30.654984803527704,707997377.6495614,14.863007578784133,146.484375,16384,2400000.0,0.0
447,708734121.8005295,711134121.8005295,708974121.8005295,710894121.8005295,2026-07-09T22:54:59.062364+00:00,709934121.8005295,14.18292796933134,13.366210721692395,-32.839479353238644,28.682612476862246,710400088.5974045,14.499684507530906,146.484375,16384,2400000.0,0.0
448,710269938.2171227,712669938.2171227,710509938.2171227,712429938.2171227,2026-07-09T22:54:59.121259+00:00,711469938.2171227,13.407373523863678,12.514357881429694,-22.797358030352065,25.593371555012933,710904508.5296227,12.185998031149255,146.484375,16384,2400000.0,0.0
449,711805754.6337157,714205754.6337157,712045754.6337157,713965754.6337157,2026-07-09T22:54:59.180221+00:00,713005754.6337157,13.233534806140387,12.305468828608984,-29.632618230944573,26.100709275925134,713005754.6337157,12.867174469784747,146.484375,16384,2400000.0,0.0
450,713341571.0503088,715741571.0503088,713581571.0503088,715501571.0503088,2026-07-09T22:54:59.239413+00:00,714541571.0503088,13.296581779058293,12.461179418919357,-28.436211447184633,33.39957134096126,715200018.3159338,20.102989561902966,146.484375,16384,2400000.0,0.0
451,714877387.466902,717277387.466902,715117387.466902,717037387.466902,2026-07-09T22:54:59.297475+00:00,716077387.466902,13.553890212832474,12.80242708528232,-30.840484034394834,32.659672106444674,715199946.060652,19.1057818936122,146.484375,16384,2400000.0,0.0
452,716413203.8834951,718813203.8834951,716653203.8834951,718573203.8834951,2026-07-09T22:54:59.355701+00:00,717613203.8834951,13.628298942381623,12.903685676785923,-43.92719324591525,33.947077625960354,717727901.1491201,20.31877868357873,146.484375,16384,2400000.0,0.0
453,717949020.3000882,720349020.3000882,718189020.3000882,720109020.3000882,2026-07-09T22:54:59.414931+00:00,719149020.3000882,14.56228973294342,14.02410665966816,-28.836382846408345,55.66935444123481,720000094.5188382,41.10706470829139,146.484375,16384,2400000.0,0.0
454,719484836.7166814,721884836.7166814,719724836.7166814,721644836.7166814,2026-07-09T22:54:59.473104+00:00,720684836.7166814,15.675707698739428,15.390281376065909,-29.046155505459346,55.818797581138554,720000022.2635564,40.143089882399124,146.484375,16384,2400000.0,0.0
455,721020653.1332744,723420653.1332744,721260653.1332744,723180653.1332744,2026-07-09T22:54:59.530877+00:00,722220653.1332744,15.57319056330929,15.354899889510323,-29.47342415585731,43.092424256638,722279832.8207744,27.519233693328708,146.484375,16384,2400000.0,0.0
456,722556469.5498676,724956469.5498676,722796469.5498676,724716469.5498676,2026-07-09T22:54:59.590591+00:00,723756469.5498676,15.90401510591272,15.696585566773873,-29.307427948680246,40.077098587646944,723400073.0654926,24.173083481734224,146.484375,16384,2400000.0,0.0
457,724092285.9664607,726492285.9664607,724332285.9664607,726252285.9664607,2026-07-09T22:54:59.650520+00:00,725292285.9664607,16.616613270162844,16.216547183582563,-26.092573337313873,37.60567010044841,725145215.6539607,20.989056830285563,146.484375,16384,2400000.0,0.0
458,725628102.3830538,728028102.3830538,725868102.3830538,727788102.3830538,2026-07-09T22:54:59.709082+00:00,726828102.3830538,16.80336971598446,16.258791770315657,-28.512345962833994,34.721648605170046,726855934.4143038,17.918278889185586,146.484375,16384,2400000.0,0.0
459,727163918.799647,729563918.799647,727403918.799647,729323918.799647,2026-07-09T22:54:59.766528+00:00,728363918.799647,18.406018150628945,18.854532375863435,-30.257946080980002,47.04950039248174,729288235.205897,28.643482241852794,146.484375,16384,2400000.0,0.0
460,728699735.21624,731099735.21624,728939735.21624,730859735.21624,2026-07-09T22:54:59.824271+00:00,729899735.21624,27.055019436277863,25.80134787149807,-20.38151387720971,44.48155155731661,729818875.84124,17.426532121038743,146.484375,16384,2400000.0,0.0
461,730235551.6328331,732635551.6328331,730475551.6328331,732395551.6328331,2026-07-09T22:54:59.883605+00:00,731435551.6328331,32.92757614424216,32.345879504328664,-15.534875486311709,48.295394470977044,730646879.7578331,15.367818326734884,146.484375,16384,2400000.0,0.0
462,731771368.0494263,734171368.0494263,732011368.0494263,733931368.0494263,2026-07-09T22:54:59.940796+00:00,732971368.0494263,23.16448022167133,22.38622511632962,-17.58678196104309,41.762283171283734,733751104.3775513,18.597802949612404,146.484375,16384,2400000.0,0.0
463,733307184.4660194,735707184.4660194,733547184.4660194,735467184.4660194,2026-07-09T22:55:00.000370+00:00,734507184.4660194,29.962114557520103,29.606344955436153,-10.093463443637315,48.620274436297485,734399957.9035194,18.658159878777383,146.484375,16384,2400000.0,0.0
464,734843000.8826125,737243000.8826125,735083000.8826125,737003000.8826125,2026-07-09T22:55:00.058435+00:00,736043000.8826125,33.23007639621292,32.389166405674324,-3.510164088631,44.589993106150516,735007356.3513625,11.359916709937593,146.484375,16384,2400000.0,0.0
465,736378817.2992057,738778817.2992057,736618817.2992057,738538817.2992057,2026-07-09T22:55:00.117718+00:00,737578817.2992057,34.048769672762674,33.26097582448426,-9.258656841310671,48.107954675056625,737215389.5648307,14.059185002293951,146.484375,16384,2400000.0,0.0
466,737914633.7157987,740314633.7157987,738154633.7157987,740074633.7157987,2026-07-09T22:55:00.176301+00:00,739114633.7157987,34.89067627198149,34.00170914453956,-10.539180192542517,48.400640359476895,739057065.3564237,13.509964087495405,146.484375,16384,2400000.0,0.0
467,739450450.1323918,741850450.1323918,739690450.1323918,741610450.1323918,2026-07-09T22:55:00.234629+00:00,740650450.1323918,34.048014383673234,33.2687536190096,-9.730977800601156,48.80933044990843,739914952.0855168,14.761316066235196,146.484375,16384,2400000.0,0.0
468,740986266.548985,743386266.548985,741226266.548985,743146266.548985,2026-07-09T22:55:00.294586+00:00,742186266.548985,30.14544270222057,29.371219818274668,-15.408705018440498,43.877132823146205,743004528.267735,13.731690120925634,146.484375,16384,2400000.0,0.0
469,742522082.9655781,744922082.9655781,742762082.9655781,744682082.9655781,2026-07-09T22:55:00.353659+00:00,743722082.9655781,22.091942135192664,23.166307804041928,-35.42437263618999,46.621090387350236,743455041.9499531,24.529148252157572,146.484375,16384,2400000.0,0.0
470,744057899.3821712,746457899.3821712,744297899.3821712,746217899.3821712,2026-07-09T22:55:00.412475+00:00,745257899.3821712,15.730681012826604,15.957550814436274,-32.76976277496854,45.938273161877476,746368836.8821712,30.20759214905087,146.484375,16384,2400000.0,0.0
471,745593715.7987643,747993715.7987643,745833715.7987643,747753715.7987643,2026-07-09T22:55:00.472379+00:00,746793715.7987643,30.446869351485972,29.093255688036677,-17.999995675166865,48.20907169071339,747646547.8300143,17.762202339227414,146.484375,16384,2400000.0,0.0
472,747129532.2153574,749529532.2153574,747369532.2153574,749289532.2153574,2026-07-09T22:55:00.531799+00:00,748329532.2153574,29.459867085877388,28.771462161174888,-16.065265853984144,54.42666274024631,748799893.5434824,24.96679565436892,146.484375,16384,2400000.0,0.0
473,748665348.6319505,751065348.6319505,748905348.6319505,750825348.6319505,2026-07-09T22:55:00.590088+00:00,749865348.6319505,31.520643147757674,31.42798451260768,-8.652529680677084,50.96824457239112,749861979.4913255,19.447601424633447,146.484375,16384,2400000.0,0.0
474,750201165.0485437,752601165.0485437,750441165.0485437,752361165.0485437,2026-07-09T22:55:00.647737+00:00,751401165.0485437,28.360332479384486,27.6500255813196,-15.075418439958511,44.58663259417392,750611174.8141687,16.226300114789435,146.484375,16384,2400000.0,0.0
475,751736981.4651368,754136981.4651368,751976981.4651368,753896981.4651368,2026-07-09T22:55:00.704992+00:00,752936981.4651368,29.435812892785325,28.9637557528003,-12.073572533216542,47.45446084701154,753701336.9338868,18.018647954226214,146.484375,16384,2400000.0,0.0
476,753272797.8817298,755672797.8817298,753512797.8817298,755432797.8817298,2026-07-09T22:55:00.762522+00:00,754472797.8817298,32.129679123988055,31.276649211881427,-11.04626423248757,46.27809760708001,753656293.9754798,14.148418483091952,146.484375,16384,2400000.0,0.0
477,754808614.298323,757208614.298323,755048614.298323,756968614.298323,2026-07-09T22:55:00.820889+00:00,756008614.298323,19.954896155098965,21.43387369988818,-25.55643913712973,45.90739421634028,755111690.470198,25.952498061241315,146.484375,16384,2400000.0,0.0
478,756344430.7149161,758744430.7149161,756584430.7149161,758504430.7149161,2026-07-09T22:55:00.879295+00:00,757544430.7149161,21.12400373587105,21.729490232455632,-19.708135743492367,49.380895287856376,758504196.3399161,28.256891551985326,146.484375,16384,2400000.0,0.0
479,757880247.1315092,760280247.1315092,758120247.1315092,760040247.1315092,2026-07-09T22:55:00.937994+00:00,759080247.1315092,29.91079732964333,28.09544584483533,-17.550594854825608,46.03147177111406,760058616.2721342,16.120674441470733,146.484375,16384,2400000.0,0.0
480,759416063.5481024,761816063.5481024,759656063.5481024,761576063.5481024,2026-07-09T22:55:00.997470+00:00,760616063.5481024,33.85641866793445,33.01183708965882,-13.126388253476302,47.75142377786256,759848924.8762274,13.895005109928114,146.484375,16384,2400000.0,0.0
481,760951879.9646955,763351879.9646955,761191879.9646955,763111879.9646955,2026-07-09T22:55:01.055899+00:00,762151879.9646955,33.383163309390426,32.49979950922333,-12.002564170688284,46.6203840995735,762073950.2771955,13.237220790183073,146.484375,16384,2400000.0,0.0
482,762487696.3812885,764887696.3812885,762727696.3812885,764647696.3812885,2026-07-09T22:55:01.115980+00:00,763687696.3812885,34.28284437319739,33.4398890810197,-9.734289614133667,47.06030016698752,764257960.0531635,12.777455793790125,146.484375,16384,2400000.0,0.0
483,764023512.7978817,766423512.7978817,764263512.7978817,766183512.7978817,2026-07-09T22:55:01.173443+00:00,765223512.7978817,32.3097598015961,31.574505103724654,-12.098601884636258,47.808589793125904,766118239.3603817,15.498829991529803,146.484375,16384,2400000.0,0.0
484,765559329.2144748,767959329.2144748,765799329.2144748,767719329.2144748,2026-07-09T22:55:01.232291+00:00,766759329.2144748,28.040587616189015,27.217754117461393,-10.642607778027207,45.476432060982084,766059133.9019748,17.43584444479307,146.484375,16384,2400000.0,0.0
485,767095145.6310679,769495145.6310679,767335145.6310679,769255145.6310679,2026-07-09T22:55:01.289730+00:00,768295145.6310679,19.949914603599503,20.80180572282808,-19.591254251367662,47.85287317345371,767495194.4591929,27.902958569854206,146.484375,16384,2400000.0,0.0
486,768630962.0476611,771030962.0476611,768870962.0476611,770790962.0476611,2026-07-09T22:55:01.347386+00:00,769830962.0476611,12.426686061006428,11.564431437584593,-27.758034441188883,25.94002019772722,769122124.1570361,13.51333413672079,146.484375,16384,2400000.0,0.0
487,770166778.4642541,772566778.4642541,770406778.4642541,772326778.4642541,2026-07-09T22:55:01.404483+00:00,771366778.4642541,11.649789972337816,10.81795523606139,-35.366156493488376,24.87871697604752,771427276.5111291,13.228927003709705,146.484375,16384,2400000.0,0.0
488,771702594.8808472,774102594.8808472,771942594.8808472,773862594.8808472,2026-07-09T22:55:01.462429+00:00,772902594.8808472,11.313800727800935,10.439434641917018,-31.72954258226111,25.390152333999012,772561725.7402222,14.076351606198077,146.484375,16384,2400000.0,0.0
489,773238411.2974404,775638411.2974404,773478411.2974404,775398411.2974404,2026-07-09T22:55:01.521463+00:00,774438411.2974404,11.256488690500799,10.435335487863744,-24.83863522001494,24.07884097704466,773570491.3755654,12.822352286543861,146.484375,16384,2400000.0,0.0
490,774774227.7140335,777174227.7140335,775014227.7140335,776934227.7140335,2026-07-09T22:55:01.579487+00:00,775974227.7140335,10.780347186958547,9.903650719612074,-29.595010575317477,31.00909089631624,777076815.6046585,20.228743709357694,146.484375,16384,2400000.0,0.0
491,776310044.1306266,778710044.1306266,776550044.1306266,778470044.1306266,2026-07-09T22:55:01.639411+00:00,777510044.1306266,11.003305805887422,10.20236200137205,-32.61195752261836,33.10111765007968,777076596.8650016,22.097811844192258,146.484375,16384,2400000.0,0.0
492,777845860.5472198,780245860.5472198,778085860.5472198,780005860.5472198,2026-07-09T22:55:01.696753+00:00,779045860.5472198,10.826172810059605,9.959024467306534,-32.58831927833843,37.881475106249674,779999913.2815948,27.05530229619007,146.484375,16384,2400000.0,0.0
493,779381676.9638128,781781676.9638128,779621676.9638128,781541676.9638128,2026-07-09T22:55:01.755132+00:00,780581676.9638128,10.705805616914496,9.858980734841726,-35.490897421122376,40.416940568043465,779999987.5106878,29.71113495112897,146.484375,16384,2400000.0,0.0
494,780917493.380406,783317493.380406,781157493.380406,783077493.380406,2026-07-09T22:55:01.813991+00:00,782117493.380406,10.905767162047143,10.115605007072329,-26.39471645412361,30.850306710595277,782271887.911656,19.944539548548136,146.484375,16384,2400000.0,0.0
495,782453309.7969991,784853309.7969991,782693309.7969991,784613309.7969991,2026-07-09T22:55:01.873133+00:00,783653309.7969991,11.763024827642425,11.074363583719649,-28.54544218500226,29.446895324170136,784007948.4688741,17.68387049652771,146.484375,16384,2400000.0,0.0
496,783989126.2135922,786389126.2135922,784229126.2135922,786149126.2135922,2026-07-09T22:55:01.931378+00:00,785189126.2135922,11.927712869645532,11.263034051890411,-32.87328022244403,31.373105189815828,784519985.5885922,19.445392320170296,146.484375,16384,2400000.0,0.0
497,785524942.6301854,787924942.6301854,785764942.6301854,787684942.6301854,2026-07-09T22:55:01.989591+00:00,786724942.6301854,12.3116478622398,11.56885729152227,-41.21161696447096,28.699608078021306,786775919.1926854,16.387960215781504,146.484375,16384,2400000.0,0.0
498,787060759.0467784,789460759.0467784,787300759.0467784,789220759.0467784,2026-07-09T22:55:02.048486+00:00,788260759.0467784,11.689761176535853,10.99405914279773,-38.21449690725479,26.724131727034756,788010563.7342784,15.034370550498902,146.484375,16384,2400000.0,0.0
499,788596575.4633715,790996575.4633715,788836575.4633715,790756575.4633715,2026-07-09T22:55:02.108487+00:00,789796575.4633715,10.464418551402288,9.594426080866825,-37.716579565498016,24.689162876355788,789599993.4321215,14.2247443249535,146.484375,16384,2400000.0,0.0
500,790132391.8799647,792532391.8799647,790372391.8799647,792292391.8799647,2026-07-09T22:55:02.166622+00:00,791332391.8799647,10.147430345450209,9.27302882449341,-32.41331854551677,48.74369370520923,791999921.1768397,38.59626335975902,146.484375,16384,2400000.0,0.0
501,791668208.2965578,794068208.2965578,791908208.2965578,793828208.2965578,2026-07-09T22:55:02.225852+00:00,792868208.2965578,10.964824191488358,10.12110059581305,-30.085607568304535,48.124366632505904,791999848.9215578,37.15954244101755,146.484375,16384,2400000.0,0.0
502,793204024.7131509,795604024.7131509,793444024.7131509,795364024.7131509,2026-07-09T22:55:02.284728+00:00,794404024.7131509,10.889576898577058,10.051135770961675,-34.01917704395577,27.02923468935129,794863985.6506509,16.139657790774233,146.484375,16384,2400000.0,0.0
503,794739841.129744,797139841.129744,794979841.129744,796899841.129744,2026-07-09T22:55:02.343003+00:00,795939841.129744,10.547364143770144,9.770628524312752,-43.786608913923544,24.486850444112243,796016452.457869,13.939486300342098,146.484375,16384,2400000.0,0.0
504,796275657.5463371,798675657.5463371,796515657.5463371,798435657.5463371,2026-07-09T22:55:02.402584+00:00,797475657.5463371,10.732775426331724,9.894035890739538,-29.00108624573294,25.128170913460668,797468772.7807121,14.395395487128944,146.484375,16384,2400000.0,0.0
505,797811473.9629302,800211473.9629302,798051473.9629302,799971473.9629302,2026-07-09T22:55:02.460388+00:00,799011473.9629302,9.758269818747108,8.907372407472781,-29.254062981343736,24.54027339509066,798292968.1035552,14.782003576343554,146.484375,16384,2400000.0,0.0
506,799347290.3795234,801747290.3795234,799587290.3795234,801507290.3795234,2026-07-09T22:55:02.519591+00:00,800547290.3795234,8.733633518155571,7.897026037686317,-35.66746942704591,21.597430033929722,799808716.1607734,12.863796515774151,146.484375,16384,2400000.0,0.0
507,800883106.7961165,803283106.7961165,801123106.7961165,803043106.7961165,2026-07-09T22:55:02.577867+00:00,802083106.7961165,8.215627363087528,7.330890006531062,-36.991121075593185,23.211529511547223,801599854.8429915,14.995902148459695,146.484375,16384,2400000.0,0.0
508,802418923.2127095,804818923.2127095,802658923.2127095,804578923.2127095,2026-07-09T22:55:02.636490+00:00,803618923.2127095,8.04137624697119,7.169830203534771,-32.27630146555176,20.43930477155318,802861306.0252095,12.397928524581989,146.484375,16384,2400000.0,0.0
509,803954739.6293027,806354739.6293027,804194739.6293027,806114739.6293027,2026-07-09T22:55:02.694960+00:00,805154739.6293027,7.909285306478466,7.0134977579386675,-34.31005436496259,30.68078884593847,803999856.8168027,22.771503539460003,146.484375,16384,2400000.0,0.0
510,805490556.0458958,807890556.0458958,805730556.0458958,807650556.0458958,2026-07-09T22:55:02.753448+00:00,806690556.0458958,7.912549163299219,7.131740213976993,-28.50357667070781,41.85815955378743,806399931.0458958,33.94561039048821,146.484375,16384,2400000.0,0.0
511,807026372.4624889,809426372.4624889,807266372.4624889,809186372.4624889,2026-07-09T22:55:02.812497+00:00,808226372.4624889,7.6952124202962775,6.837426103047886,-35.76170220984093,22.083122625173786,807452349.0249889,14.387910204877508,146.484375,16384,2400000.0,0.0
512,808562188.8790821,810962188.8790821,808802188.8790821,810722188.8790821,2026-07-09T22:55:02.871014+00:00,809762188.8790821,7.300718730960827,6.495365264999979,-31.066301021215956,20.81778994241022,809733184.9728321,13.517071211449391,146.484375,16384,2400000.0,0.0
513,810098005.2956752,812498005.2956752,810338005.2956752,812258005.2956752,2026-07-09T22:55:02.930168+00:00,811298005.2956752,6.509730885999571,5.6590270252070685,-35.00131879732361,20.505969379986603,811298005.2956752,13.996238493987033,146.484375,16384,2400000.0,0.0
514,811633821.7122682,814033821.7122682,811873821.7122682,813793821.7122682,2026-07-09T22:55:02.989308+00:00,812833821.7122682,5.836104300128455,4.964208502757545,-33.202386020907134,18.1404124569342,813003157.6497682,12.304308156805746,146.484375,16384,2400000.0,0.0
515,813169638.1288614,815569638.1288614,813409638.1288614,815329638.1288614,2026-07-09T22:55:03.048978+00:00,814369638.1288614,5.599119251444389,4.651960198123925,-34.27889495310601,17.131161348777162,814380770.9413614,11.532042097332774,146.484375,16384,2400000.0,0.0
516,814705454.5454545,817105454.5454545,814945454.5454545,816865454.5454545,2026-07-09T22:55:03.107540+00:00,815905454.5454545,5.435343173022196,4.605111110399476,-49.899424612854936,18.85062067375965,815905454.5454545,13.415277500737453,146.484375,16384,2400000.0,0.0
517,816241270.9620476,818641270.9620476,816481270.9620476,818401270.9620476,2026-07-09T22:55:03.168887+00:00,817441270.9620476,5.82247175252706,4.950867186316779,-33.02101272669367,18.880634163347327,817441270.9620476,13.058162410820266,146.484375,16384,2400000.0,0.0
518,817777087.3786408,820177087.3786408,818017087.3786408,819937087.3786408,2026-07-09T22:55:03.227321+00:00,818977087.3786408,5.484407375782726,4.614506917408665,-39.20544963845215,20.529636819233485,818977087.3786408,15.045229443450758,146.484375,16384,2400000.0,0.0
519,819312903.7952338,821712903.7952338,819552903.7952338,821472903.7952338,2026-07-09T22:55:03.286741+00:00,820512903.7952338,5.154267383523164,4.300560777949364,-36.84461065478225,31.39772248197778,820799866.6858588,26.243455098454618,146.484375,16384,2400000.0,0.0
520,820848720.2118269,823248720.2118269,821088720.2118269,823008720.2118269,2026-07-09T22:55:03.344774+00:00,822048720.2118269,4.981598298385981,4.062387100146223,-58.33055579101786,19.566727638065892,822048720.2118269,14.585129339679911,146.484375,16384,2400000.0,0.0
521,822384536.6284201,824784536.6284201,822624536.6284201,824544536.6284201,2026-07-09T22:55:03.403784+00:00,823584536.6284201,4.771292451259254,3.8636332164879974,-43.23380594465554,17.253947035850587,823630972.1752951,12.482654584591334,146.484375,16384,2400000.0,0.0
522,823920353.0450132,826320353.0450132,824160353.0450132,826080353.0450132,2026-07-09T22:55:03.462769+00:00,825120353.0450132,4.898362382019456,4.0274268119640855,-38.34751293371248,20.155152218880467,825120353.0450132,15.25678983686101,146.484375,16384,2400000.0,0.0
523,825456169.4616063,827856169.4616063,825696169.4616063,827616169.4616063,2026-07-09T22:55:03.522495+00:00,826656169.4616063,4.696784646813576,3.7363963705367977,-42.422572169518695,18.808009356873537,826656169.4616063,14.111224710059961,146.484375,16384,2400000.0,0.0
524,826991985.8781995,829391985.8781995,827231985.8781995,829151985.8781995,2026-07-09T22:55:03.581078+00:00,828191985.8781995,4.64465353699004,3.7826719996674227,-35.451406382773676,20.213749227256677,828191985.8781995,15.569095690266638,146.484375,16384,2400000.0,0.0
525,828527802.2947925,830927802.2947925,828767802.2947925,830687802.2947925,2026-07-09T22:55:03.639874+00:00,829727802.2947925,4.594556655516586,3.751677575120524,-41.20234985452073,17.575192176756758,829727802.2947925,12.980635521240172,146.484375,16384,2400000.0,0.0
526,830063618.7113856,832463618.7113856,830303618.7113856,832223618.7113856,2026-07-09T22:55:03.697378+00:00,831263618.7113856,4.662782577529871,3.7083151841441198,-44.23662016739638,18.57599921074369,831263618.7113856,13.913216633213818,146.484375,16384,2400000.0,0.0
527,831599435.1279788,833999435.1279788,831839435.1279788,833759435.1279788,2026-07-09T22:55:03.755062+00:00,832799435.1279788,4.612583367806129,3.729902526265625,-43.17243000946735,19.963793975309283,832799435.1279788,15.351210607503154,146.484375,16384,2400000.0,0.0
528,833135251.5445719,835535251.5445719,833375251.5445719,835295251.5445719,2026-07-09T22:55:03.813528+00:00,834335251.5445719,4.706552070805843,3.7854532876589033,-39.43751247426255,28.933165901282713,835199948.8101969,24.22661383047687,146.484375,16384,2400000.0,0.0
529,834671067.961165,837071067.961165,834911067.961165,836831067.961165,2026-07-09T22:55:03.873660+00:00,835871067.961165,4.828971893030278,3.9431853475852976,-33.49651696428138,30.29070092012062,835200023.03929,25.461729027090342,146.484375,16384,2400000.0,0.0
530,836206884.3777581,838606884.3777581,836446884.3777581,838366884.3777581,2026-07-09T22:55:03.931705+00:00,837406884.3777581,4.7785806628609695,3.923318860636047,-34.597217480311684,19.79435706344493,837406884.3777581,15.015776400583961,146.484375,16384,2400000.0,0.0
531,837742700.7943512,840142700.7943512,837982700.7943512,839902700.7943512,2026-07-09T22:55:03.990305+00:00,838942700.7943512,4.827656367817614,4.032239121004712,-32.821392756722055,31.749297699178108,839999878.5287262,26.921641331360494,146.484375,16384,2400000.0,0.0
532,839278517.2109443,841678517.2109443,839518517.2109443,841438517.2109443,2026-07-09T22:55:04.048314+00:00,840478517.2109443,4.9259006570083725,4.1377698581923985,-37.831701717577964,32.7678971254146,840000099.2421943,27.841996468406226,146.484375,16384,2400000.0,0.0
533,840814333.6275375,843214333.6275375,841054333.6275375,842974333.6275375,2026-07-09T22:55:04.107283+00:00,842014333.6275375,5.158411391596763,4.338150347641934,-41.98212904757519,19.67798943385688,842670144.1744125,14.519578042260116,146.484375,16384,2400000.0,0.0
534,842350150.0441306,844750150.0441306,842590150.0441306,844510150.0441306,2026-07-09T22:55:04.165042+00:00,843550150.0441306,5.1220705328647185,4.31347891998478,-34.41284518189782,21.568871424386863,843550150.0441306,16.446800891522145,146.484375,16384,2400000.0,0.0
535,843885966.4607238,846285966.4607238,844125966.4607238,846045966.4607238,2026-07-09T22:55:04.224559+00:00,845085966.4607238,5.243522575387771,4.413282688357572,-32.86658162920003,20.429465157679445,844883525.0544738,15.185942582291673,146.484375,16384,2400000.0,0.0
536,845421782.8773168,847821782.8773168,845661782.8773168,847581782.8773168,2026-07-09T22:55:04.283464+00:00,846621782.8773168,5.413006396770944,4.641927897497311,-34.078684172840916,21.47129406584532,847368267.2523168,16.058287669074375,146.484375,16384,2400000.0,0.0
537,846957599.2939099,849357599.2939099,847197599.2939099,849117599.2939099,2026-07-09T22:55:04.342684+00:00,848157599.2939099,5.64567254559295,4.832617485084365,-38.6292339438331,24.116518707173018,849077081.7157849,18.47084616158007,146.484375,16384,2400000.0,0.0
538,848493415.7105031,850893415.7105031,848733415.7105031,850653415.7105031,2026-07-09T22:55:04.401447+00:00,849693415.7105031,5.888323043725638,5.117418629679127,-33.857791873907274,39.50448647697095,849599958.6792531,33.61616343324532,146.484375,16384,2400000.0,0.0
539,850029232.1270962,852429232.1270962,850269232.1270962,852189232.1270962,2026-07-09T22:55:04.460385+00:00,851229232.1270962,6.042787291746832,5.274969327485811,-37.033661227128874,22.305599926642735,851229232.1270962,16.2628126348959,146.484375,16384,2400000.0,0.0
540,851565048.5436893,853965048.5436893,851805048.5436893,853725048.5436893,2026-07-09T22:55:04.520323+00:00,852765048.5436893,6.261499823192468,5.550649246515787,-29.81317272743622,36.30863947530804,853564267.2936893,30.047139652115575,146.484375,16384,2400000.0,0.0
541,853100864.9602824,855500864.9602824,853340864.9602824,855260864.9602824,2026-07-09T22:55:04.578631+00:00,854300864.9602824,6.352752780292799,5.781193026842438,-43.1478413201988,35.33105970281598,853564488.0071574,28.978306922523178,146.484375,16384,2400000.0,0.0
542,854636681.3768755,857036681.3768755,854876681.3768755,856796681.3768755,2026-07-09T22:55:04.637254+00:00,855836681.3768755,7.024352265090778,6.475115487243468,-29.601219399879504,36.610879598156004,856039415.7518755,29.586527333065227,146.484375,16384,2400000.0,0.0
543,856172497.7934686,858572497.7934686,856412497.7934686,858332497.7934686,2026-07-09T22:55:04.696486+00:00,857372497.7934686,7.178166953668819,6.617969631122185,-37.336666746398535,36.53898507157999,857463025.1372186,29.36081811791117,146.484375,16384,2400000.0,0.0
544,857708314.2100618,860108314.2100618,857948314.2100618,859868314.2100618,2026-07-09T22:55:04.755632+00:00,858908314.2100618,8.957061897796219,8.63844912837985,-34.558254001289626,28.98759797868289,859535560.3038118,20.03053608088667,146.484375,16384,2400000.0,0.0
545,859244130.6266549,861644130.6266549,859484130.6266549,861404130.6266549,2026-07-09T22:55:04.814455+00:00,860444130.6266549,9.796867883820353,9.07747473740366,-39.933034226429264,24.549506267784054,859505751.7204049,14.752638383963701,146.484375,16384,2400000.0,0.0
546,860779947.0432479,863179947.0432479,861019947.0432479,862939947.0432479,2026-07-09T22:55:04.873754+00:00,861979947.0432479,8.280793881594935,7.651973596827247,-31.901114014504863,24.341332470996623,861589419.6994979,16.060538589401688,146.484375,16384,2400000.0,0.0
547,862315763.4598411,864715763.4598411,862555763.4598411,864475763.4598411,2026-07-09T22:55:04.933152+00:00,863515763.4598411,7.109261990723276,6.315738014672154,-38.958383681161536,45.455055971797606,864000040.8035911,38.34579398107433,146.484375,16384,2400000.0,0.0
548,863851579.8764342,866251579.8764342,864091579.8764342,866011579.8764342,2026-07-09T22:55:04.991287+00:00,865051579.8764342,7.316387454543307,6.568270155107399,-28.590600929143143,42.05419943154234,863999968.5483092,34.737811976999026,146.484375,16384,2400000.0,0.0
549,865387396.2930273,867787396.2930273,865627396.2930273,867547396.2930273,2026-07-09T22:55:05.050374+00:00,866587396.2930273,7.740099842789322,6.962178171046041,-45.202421642884005,23.169888771163507,867278802.5430273,15.429788928374185,146.484375,16384,2400000.0,0.0
550,866923212.7096205,869323212.7096205,867163212.7096205,869083212.7096205,2026-07-09T22:55:05.109614+00:00,868123212.7096205,9.139168935313693,8.719689256603777,-42.461825977866056,34.31676894672746,869321015.4439955,25.177600011413766,146.484375,16384,2400000.0,0.0
551,868459029.1262136,870859029.1262136,868699029.1262136,870619029.1262136,2026-07-09T22:55:05.169500+00:00,869659029.1262136,28.423593147771456,25.186207472257717,-21.598902054011774,46.63856764544717,869366792.7980886,18.214974497675712,146.484375,16384,2400000.0,0.0
552,869994845.5428066,872394845.5428066,870234845.5428066,872154845.5428066,2026-07-09T22:55:05.228778+00:00,871194845.5428066,31.541004658643487,30.870618033935152,-8.823778039113853,46.67173842790316,871575558.4334316,15.13073376925967,146.484375,16384,2400000.0,0.0
553,871530661.9593998,873930661.9593998,871770661.9593998,873690661.9593998,2026-07-09T22:55:05.288439+00:00,872730661.9593998,34.034698971948295,33.20595375718698,-3.270041489432419,47.046148792319826,873114597.5062748,13.011449820371531,146.484375,16384,2400000.0,0.0
554,873066478.3759929,875466478.3759929,873306478.3759929,875226478.3759929,2026-07-09T22:55:05.347251+00:00,874266478.3759929,31.00000739389774,30.28635752140342,-12.6735505838019,45.32746845056947,875245726.4228679,14.32746105667173,146.484375,16384,2400000.0,0.0
555,874602294.792586,877002294.792586,874842294.792586,876762294.792586,2026-07-09T22:55:05.406590+00:00,875802294.792586,30.865141089446592,29.983783677404602,-12.83723637808664,42.79356616530307,875566894.401961,11.928425075856477,146.484375,16384,2400000.0,0.0
556,876138111.2091792,878538111.2091792,876378111.2091792,878298111.2091792,2026-07-09T22:55:05.465444+00:00,877338111.2091792,32.223404404067196,31.444248410231754,-10.72872141459607,45.275819719530574,877182105.3498042,13.052415315463378,146.484375,16384,2400000.0,0.0
557,877673927.6257722,880073927.6257722,877913927.6257722,879833927.6257722,2026-07-09T22:55:05.524311+00:00,878873927.6257722,20.15597514890606,20.90961236457264,-36.50523123176927,44.23459411348983,877883546.7663972,24.078618964583768,146.484375,16384,2400000.0,0.0
558,879209744.0423653,881609744.0423653,879449744.0423653,881369744.0423653,2026-07-09T22:55:05.584369+00:00,880409744.0423653,9.632971772220582,8.880347110487323,-33.051243713679,25.062525193718823,881004617.0892403,15.429553421498241,146.484375,16384,2400000.0,0.0
559,880745560.4589585,883145560.4589585,880985560.4589585,882905560.4589585,2026-07-09T22:55:05.643580+00:00,881945560.4589585,29.91430570879425,28.780605943946533,-12.865332295431262,44.2460652977264,881399613.1933335,14.331759588932155,146.484375,16384,2400000.0,0.0
560,882281376.8755516,884681376.8755516,882521376.8755516,884441376.8755516,2026-07-09T22:55:05.702226+00:00,883481376.8755516,12.27685364137631,12.08263891028998,-30.468941395289594,31.424405467134736,884107304.6099266,19.147551825758427,146.484375,16384,2400000.0,0.0
561,883817193.2921447,886217193.2921447,884057193.2921447,885977193.2921447,2026-07-09T22:55:05.759966+00:00,885017193.2921447,18.49622579868611,17.926882408747737,-27.545088714054096,33.80280842600199,885772320.2452697,15.30658262731588,146.484375,16384,2400000.0,0.0
562,885353009.7087379,887753009.7087379,885593009.7087379,887513009.7087379,2026-07-09T22:55:05.817962+00:00,886553009.7087379,27.12667659503553,26.240288124838266,-9.691842790663527,39.9552374797235,887278546.8181129,12.82856088468797,146.484375,16384,2400000.0,0.0
563,886888826.1253309,889288826.1253309,887128826.1253309,889048826.1253309,2026-07-09T22:55:05.876427+00:00,888088826.1253309,31.82552942749915,30.927030872365048,-5.788740040253644,44.777807047372264,888508357.3753309,12.952277619873115,146.484375,16384,2400000.0,0.0
564,888424642.541924,890824642.541924,888664642.541924,890584642.541924,2026-07-09T22:55:05.934869+00:00,889624642.541924,10.980277895876114,10.954141555968048,-39.814665147761886,32.22046145434225,888951986.291924,21.240183558466136,146.484375,16384,2400000.0,0.0
565,889960458.9585172,892360458.9585172,890200458.9585172,892120458.9585172,2026-07-09T22:55:05.993843+00:00,891160458.9585172,6.440428763858188,5.651140063273755,-40.13007604400546,22.238159809712755,890343076.1460172,15.797731045854567,146.484375,16384,2400000.0,0.0
566,891496275.3751103,893896275.3751103,891736275.3751103,893656275.3751103,2026-07-09T22:55:06.052632+00:00,892696275.3751103,6.255444023356013,5.435945971779448,-38.23306548315518,35.67620857530193,892799986.3126103,29.420764551945915,146.484375,16384,2400000.0,0.0
567,893032091.7917033,895432091.7917033,893272091.7917033,895192091.7917033,2026-07-09T22:55:06.111663+00:00,894232091.7917033,5.855553175333739,5.024137428625125,-41.78693589063273,19.85462132451022,893944689.4479533,13.99906814917648,146.484375,16384,2400000.0,0.0
568,894567908.2082965,896967908.2082965,894807908.2082965,896727908.2082965,2026-07-09T22:55:06.170323+00:00,895767908.2082965,5.92365611812502,5.141871814076913,-35.39992604649956,30.034526469357026,896840613.2864215,24.110870351232006,146.484375,16384,2400000.0,0.0
569,896103724.6248896,898503724.6248896,896343724.6248896,898263724.6248896,2026-07-09T22:55:06.228824+00:00,897303724.6248896,6.183646688082729,5.546243480407751,-34.8506459048935,33.93496668483725,897309291.0311396,27.75131999675452,146.484375,16384,2400000.0,0.0
570,897639541.0414827,900039541.0414827,897879541.0414827,899799541.0414827,2026-07-09T22:55:06.288322+00:00,898839541.0414827,6.295508659159643,5.561902518714052,-34.05370605097054,33.7061991037864,899497109.4008577,27.41069044462676,146.484375,16384,2400000.0,0.0
571,899175357.4580759,901575357.4580759,899415357.4580759,901335357.4580759,2026-07-09T22:55:06.346674+00:00,900375357.4580759,6.196107540505802,5.350852042114786,-32.66466896793244,32.87726654367134,899497037.1455759,26.681159003165536,146.484375,16384,2400000.0,0.0
572,900711173.874669,903111173.874669,900951173.874669,902871173.874669,2026-07-09T22:55:06.404703+00:00,901911173.874669,5.912841791109069,5.030969669749919,-34.28685807393253,22.740573701810995,902399992.234044,16.827731910701925,146.484375,16384,2400000.0,0.0
573,902246990.2912621,904646990.2912621,902486990.2912621,904406990.2912621,2026-07-09T22:55:06.463861+00:00,903446990.2912621,5.632751255169909,4.729769648912493,-38.304351781093715,19.50216058297392,903446990.2912621,13.869409327804012,146.484375,16384,2400000.0,0.0
574,903782806.7078552,906182806.7078552,904022806.7078552,905942806.7078552,2026-07-09T22:55:06.523465+00:00,904982806.7078552,5.636443232711244,4.738580615839188,-36.71842423598028,19.746548333738083,904982806.7078552,14.11010510102684,146.484375,16384,2400000.0,0.0
575,905318623.1244483,907718623.1244483,905558623.1244483,907478623.1244483,2026-07-09T22:55:06.581557+00:00,906518623.1244483,5.5119655200723034,4.665663474049677,-37.06916797585259,40.57798375031746,907199775.4681983,35.066018230245156,146.484375,16384,2400000.0,0.0
576,906854439.5410415,909254439.5410415,907094439.5410415,909014439.5410415,2026-07-09T22:55:06.639901+00:00,908054439.5410415,5.501800309985915,4.610249316830592,-33.88478284276478,40.19860473455271,907200142.6660415,34.69680442456679,146.484375,16384,2400000.0,0.0
577,908390255.9576346,910790255.9576346,908630255.9576346,910550255.9576346,2026-07-09T22:55:06.697776+00:00,909590255.9576346,5.9010582870541946,5.024847551450419,-35.10339007449664,20.34044291649172,909590255.9576346,14.439384629437527,146.484375,16384,2400000.0,0.0
578,909926072.3742276,912326072.3742276,910166072.3742276,912086072.3742276,2026-07-09T22:55:06.756425+00:00,911126072.3742276,6.164919341314876,5.317988189301822,-58.805979279311785,20.87619512637868,911999998.1554776,14.711275785063803,146.484375,16384,2400000.0,0.0
579,911461888.7908208,913861888.7908208,911701888.7908208,913621888.7908208,2026-07-09T22:55:06.814303+00:00,912661888.7908208,5.999013284549526,5.122163795548336,-37.58665858529525,20.9784336043972,911999925.9001958,14.979420319847673,146.484375,16384,2400000.0,0.0
580,912997705.2074139,915397705.2074139,913237705.2074139,915157705.2074139,2026-07-09T22:55:06.872508+00:00,914197705.2074139,6.105530848617666,5.221749105457764,-34.518284107044266,25.936726454233494,913003564.5824139,19.83119560561583,146.484375,16384,2400000.0,0.0
581,914533521.624007,916933521.624007,914773521.624007,916693521.624007,2026-07-09T22:55:06.931518+00:00,915733521.624007,5.830407616108122,4.930896907089077,-40.743134039776265,26.829842179838405,914876734.514632,20.999434563730283,146.484375,16384,2400000.0,0.0
582,916069338.0406002,918469338.0406002,916309338.0406002,918229338.0406002,2026-07-09T22:55:06.990278+00:00,917269338.0406002,5.779822579124853,4.870595315264032,-29.080807486222383,18.60853542158095,917269338.0406002,12.828712842456095,146.484375,16384,2400000.0,0.0
583,917605154.4571933,920005154.4571933,917845154.4571933,919765154.4571933,2026-07-09T22:55:07.049503+00:00,918805154.4571933,6.23308924544431,5.374331699963056,-39.58157804790461,19.868835298684843,918805154.4571933,13.635746053240533,146.484375,16384,2400000.0,0.0
584,919140970.8737863,921540970.8737863,919380970.8737863,921300970.8737863,2026-07-09T22:55:07.108939+00:00,920340970.8737863,6.623461908401639,5.770887521229875,-38.41963114471349,29.06834967180999,921077787.2800363,22.444887763408353,146.484375,16384,2400000.0,0.0
585,920676787.2903795,923076787.2903795,920916787.2903795,922836787.2903795,2026-07-09T22:55:07.167793+00:00,921876787.2903795,7.109249504894446,6.225208353445645,-35.58695166113221,28.55457449032146,921077129.0872545,21.445324985427014,146.484375,16384,2400000.0,0.0
586,922212603.7069726,924612603.7069726,922452603.7069726,924372603.7069726,2026-07-09T22:55:07.226830+00:00,923412603.7069726,7.101736427628014,6.186085264921145,-32.686629768554745,19.632557194759926,922886285.3475976,12.530820767131912,146.484375,16384,2400000.0,0.0
587,923748420.1235657,926148420.1235657,923988420.1235657,925908420.1235657,2026-07-09T22:55:07.286411+00:00,924948420.1235657,6.879475101886558,5.9361080080577855,-40.200460391037616,20.879405194869804,924899787.3110657,13.999930092983245,146.484375,16384,2400000.0,0.0
588,925284236.5401589,927684236.5401589,925524236.5401589,927444236.5401589,2026-07-09T22:55:07.345212+00:00,926484236.5401589,6.858011073440826,5.951308866114618,-34.714738555253255,21.053043224251134,927384236.5401589,14.195032150810308,146.484375,16384,2400000.0,0.0
589,926820052.956752,929220052.956752,927060052.956752,928980052.956752,2026-07-09T22:55:07.404247+00:00,928020052.956752,6.919066088220194,6.035273107369376,-31.015825096198014,23.459748060131016,927384164.284877,16.54068197191082,146.484375,16384,2400000.0,0.0
590,928355869.373345,930755869.373345,928595869.373345,930515869.373345,2026-07-09T22:55:07.462129+00:00,929555869.373345,7.208109753297797,6.45412720829241,-39.08004335547253,19.405836377641478,929699863.51397,12.19772662434368,146.484375,16384,2400000.0,0.0
591,929891685.7899382,932291685.7899382,930131685.7899382,932051685.7899382,2026-07-09T22:55:07.520511+00:00,931091685.7899382,7.3677085689670285,6.521413032988056,-29.434787386484956,26.500014363596094,931199937.7430632,19.132305794629065,146.484375,16384,2400000.0,0.0
592,931427502.2065313,933827502.2065313,931667502.2065313,933587502.2065313,2026-07-09T22:55:07.578841+00:00,932627502.2065313,7.545573746499501,6.644216943265502,-28.140563442233784,19.873556255782837,931743908.4565313,12.327982509283336,146.484375,16384,2400000.0,0.0
593,932963318.6231244,935363318.6231244,933203318.6231244,935123318.6231244,2026-07-09T22:55:07.638490+00:00,934163318.6231244,7.627285338582569,6.781323297837001,-38.67262822586421,21.709508000296687,934163318.6231244,14.082222661714118,146.484375,16384,2400000.0,0.0
594,934499135.0397176,936899135.0397176,934739135.0397176,936659135.0397176,2026-07-09T22:55:07.697589+00:00,935699135.0397176,7.962976209117164,7.143978529757014,-30.636835339435187,44.99215232063756,936000160.4303426,37.02917611152039,146.484375,16384,2400000.0,0.0
595,936034951.4563106,938434951.4563106,936274951.4563106,938194951.4563106,2026-07-09T22:55:07.756664+00:00,937234951.4563106,7.892397514237991,7.002724393118698,-45.70315938382223,34.210723107183306,938400088.1750606,26.318325592945314,146.484375,16384,2400000.0,0.0
596,937570767.8729037,939970767.8729037,937810767.8729037,939730767.8729037,2026-07-09T22:55:07.815333+00:00,938770767.8729037,8.061224961606925,7.166097021048644,-32.39772705001485,20.11363148215282,938311392.8729037,12.052406520545894,146.484375,16384,2400000.0,0.0
597,939106584.2894969,941506584.2894969,939346584.2894969,941266584.2894969,2026-07-09T22:55:07.873861+00:00,940306584.2894969,8.308284062465301,7.4734879987237335,-36.066049250851016,24.63634593653878,940799943.6644969,16.32806187407348,146.484375,16384,2400000.0,0.0
598,940642400.70609,943042400.70609,940882400.70609,942802400.70609,2026-07-09T22:55:07.932409+00:00,941842400.70609,8.549411734437022,7.6354148167631894,-37.66338581092527,20.628365715988753,941941717.11234,12.07895398155173,146.484375,16384,2400000.0,0.0
599,942178217.122683,944578217.122683,942418217.122683,944338217.122683,2026-07-09T22:55:07.991469+00:00,943378217.122683,8.534845685036277,7.688233705891852,-30.031937455091878,21.714958217957516,943992572.591433,13.180112532921239,146.484375,16384,2400000.0,0.0
600,943714033.5392762,946114033.5392762,943954033.5392762,945874033.5392762,2026-07-09T22:55:08.050468+00:00,944914033.5392762,8.824458253947501,7.986091407878673,-44.647272211337196,21.869672564239227,944914033.5392762,13.045214310291726,146.484375,16384,2400000.0,0.0
601,945249849.9558693,947649849.9558693,945489849.9558693,947409849.9558693,2026-07-09T22:55:08.109523+00:00,946449849.9558693,8.510194835678123,7.643656025899324,-25.30294337109833,22.798065253093412,945600094.0964943,14.28787041741529,146.484375,16384,2400000.0,0.0
602,946785666.3724624,949185666.3724624,947025666.3724624,948945666.3724624,2026-07-09T22:55:08.168286+00:00,947985666.3724624,8.304552121065017,7.45212058607367,-29.216055782709873,20.165266936739577,948098898.7943374,11.86071481567456,146.484375,16384,2400000.0,0.0
603,948321482.7890556,950721482.7890556,948561482.7890556,950481482.7890556,2026-07-09T22:55:08.227478+00:00,949521482.7890556,8.347331674809837,7.4594914409559685,-36.16569472319457,35.37667311509475,950399949.5859306,27.029341440284917,146.484375,16384,2400000.0,0.0
604,949857299.2056487,952257299.2056487,950097299.2056487,952017299.2056487,2026-07-09T22:55:08.285837+00:00,951057299.2056487,8.435124489920991,7.661912938395941,-40.09085927237826,35.573177129846236,950399877.3306487,27.138052639925245,146.484375,16384,2400000.0,0.0
605,951393115.6222417,953793115.6222417,951633115.6222417,953553115.6222417,2026-07-09T22:55:08.344344+00:00,952593115.6222417,9.452426545018739,8.68957868883408,-50.062636581500975,24.752679791240098,952655810.9347417,15.30025324622136,146.484375,16384,2400000.0,0.0
606,952928932.0388349,955328932.0388349,953168932.0388349,955088932.0388349,2026-07-09T22:55:08.403612+00:00,954128932.0388349,10.034318583480417,9.459140095589783,-31.48080424770335,31.474100272958935,954919654.6950849,21.43978168947852,146.484375,16384,2400000.0,0.0
607,954464748.455428,956864748.455428,954704748.455428,956624748.455428,2026-07-09T22:55:08.463457+00:00,955664748.455428,10.885742903509271,10.507601268353362,-39.438751410906136,35.00584241822359,956600051.189803,24.120099514714315,146.484375,16384,2400000.0,0.0
608,956000564.8720211,958400564.8720211,956240564.8720211,958160564.8720211,2026-07-09T22:55:08.522372+00:00,957200564.8720211,11.22739740537966,11.152437637396336,-45.203763236108124,38.43985790907912,957727908.6220211,27.21246050369946,146.484375,16384,2400000.0,0.0
609,957536381.2886143,959936381.2886143,957776381.2886143,959696381.2886143,2026-07-09T22:55:08.580863+00:00,958736381.2886143,13.817871684929479,13.77893678013243,-39.66217152826785,45.49319189226345,957599955.5073643,31.675320207333968,146.484375,16384,2400000.0,0.0
610,959072197.7052073,961472197.7052073,959312197.7052073,961232197.7052073,2026-07-09T22:55:08.640597+00:00,960272197.7052073,16.43840624709238,16.347541352423875,-24.98447137639523,58.65115801486466,959999883.2520823,42.21275176777228,146.484375,16384,2400000.0,0.0
611,960608014.1218004,963008014.1218004,960848014.1218004,962768014.1218004,2026-07-09T22:55:08.698385+00:00,961808014.1218004,13.519499556259126,13.496022607640022,-39.430989479369224,46.331854063360865,961143707.4811754,32.81235450710174,146.484375,16384,2400000.0,0.0
612,962143830.5383936,964543830.5383936,962383830.5383936,964303830.5383936,2026-07-09T22:55:08.757381+00:00,963343830.5383936,13.710019157010333,13.843901092636806,-27.208624618740416,40.78620339229521,963399641.0852686,27.076184235284874,146.484375,16384,2400000.0,0.0
613,963679646.9549867,966079646.9549867,963919646.9549867,965839646.9549867,2026-07-09T22:55:08.815083+00:00,964879646.9549867,14.29316544419586,14.180322670026747,-37.178420758542366,43.29360452190106,964800105.9393617,29.0004390777052,146.484375,16384,2400000.0,0.0
614,965215463.3715799,967615463.3715799,965455463.3715799,967375463.3715799,2026-07-09T22:55:08.873627+00:00,966415463.3715799,14.85420927504471,14.530311187703777,-26.62287581459079,36.08623247892472,965719955.5590799,21.23202320388001,146.484375,16384,2400000.0,0.0
615,966751279.788173,969151279.788173,966991279.788173,968911279.788173,2026-07-09T22:55:08.932722+00:00,967951279.788173,14.65120778125006,14.254019786682548,-22.731676776416748,34.33834919487587,968578086.428798,19.68714141362581,146.484375,16384,2400000.0,0.0
616,968287096.204766,970687096.204766,968527096.204766,970447096.204766,2026-07-09T22:55:08.992968+00:00,969487096.204766,13.58750001479887,13.02012457325145,-27.742226938923938,31.40896197295185,968579332.532891,17.82146195815298,146.484375,16384,2400000.0,0.0
617,969822912.6213592,972222912.6213592,970062912.6213592,971982912.6213592,2026-07-09T22:55:09.052364+00:00,971022912.6213592,11.866547864564433,11.163073327740209,-27.39916848115803,28.321372028472098,970295910.6682342,16.454824163907666,146.484375,16384,2400000.0,0.0
618,971358729.0379523,973758729.0379523,971598729.0379523,973518729.0379523,2026-07-09T22:55:09.110902+00:00,972558729.0379523,9.410402951323613,8.714822179030485,-33.14175658499068,26.793628230909555,972006775.9129523,17.383225279585943,146.484375,16384,2400000.0,0.0
619,972894545.4545454,975294545.4545454,973134545.4545454,975054545.4545454,2026-07-09T22:55:09.169431+00:00,974094545.4545454,8.022198772198298,7.264820138255079,-31.525816103320174,22.382041553806395,973585365.7670454,14.359842781608098,146.484375,16384,2400000.0,0.0
620,974430361.8711386,976830361.8711386,974670361.8711386,976590361.8711386,2026-07-09T22:55:09.227524+00:00,975630361.8711386,6.869902476691086,6.008138639728037,-35.24767250413824,20.482834781057715,975728066.9492636,13.612932304366629,146.484375,16384,2400000.0,0.0
621,975966178.2877316,978366178.2877316,976206178.2877316,978126178.2877316,2026-07-09T22:55:09.286371+00:00,977166178.2877316,6.4240170604141,5.557956954712421,-39.42413105141698,19.730986487020306,976456607.9752316,13.306969426606207,146.484375,16384,2400000.0,0.0
622,977501994.7043247,979901994.7043247,977741994.7043247,979661994.7043247,2026-07-09T22:55:09.345864+00:00,978701994.7043247,6.060987275594325,5.223789132088566,-30.922761455712802,32.450197959329486,979199895.0949497,26.38921068373516,146.484375,16384,2400000.0,0.0
623,979037811.1209179,981437811.1209179,979277811.1209179,981197811.1209179,2026-07-09T22:55:09.404218+00:00,980237811.1209179,5.638127999028667,4.7554508560033355,-40.6627695364767,29.16479268074128,979199822.8396679,23.52666468171261,146.484375,16384,2400000.0,0.0
624,980573627.537511,982973627.537511,980813627.537511,982733627.537511,2026-07-09T22:55:09.463641+00:00,981773627.537511,4.944776874930122,4.143424711882497,-31.46480308343351,19.677371097983478,981773627.537511,14.732594223053356,146.484375,16384,2400000.0,0.0
625,982109443.9541041,984509443.9541041,982349443.9541041,984269443.9541041,2026-07-09T22:55:09.522820+00:00,983309443.9541041,4.851758449615217,3.9592058847567646,-32.03034362349908,21.78479694511286,983309443.9541041,16.93303849549764,146.484375,16384,2400000.0,0.0
626,983645260.3706973,986045260.3706973,983885260.3706973,985805260.3706973,2026-07-09T22:55:09.581115+00:00,984845260.3706973,4.744306996495894,3.848186914139476,-37.00991540508471,21.831025032518646,984845260.3706973,17.086718036022752,146.484375,16384,2400000.0,0.0
627,985181076.7872903,987581076.7872903,985421076.7872903,987341076.7872903,2026-07-09T22:55:09.641087+00:00,986381076.7872903,4.645014481054176,3.742258906504432,-49.91867537679953,18.761974781448604,986381076.7872903,14.116960300394428,146.484375,16384,2400000.0,0.0
628,986716893.2038834,989116893.2038834,986956893.2038834,988876893.2038834,2026-07-09T22:55:09.699264+00:00,987916893.2038834,4.575565644414155,3.6876396377803933,-35.15647816304011,20.595027405963474,987916893.2038834,16.01946176154932,146.484375,16384,2400000.0,0.0
629,988252709.6204766,990652709.6204766,988492709.6204766,990412709.6204766,2026-07-09T22:55:09.756957+00:00,989452709.6204766,4.400098097452299,3.504889926147566,-34.71153194076467,18.64683185063624,989452709.6204766,14.246733753183939,146.484375,16384,2400000.0,0.0
630,989788526.0370697,992188526.0370697,990028526.0370697,991948526.0370697,2026-07-09T22:55:09.814918+00:00,990988526.0370697,4.144673780935014,3.2764772891490894,-41.182613605592366,20.007366709950226,990988526.0370697,15.862692929015212,146.484375,16384,2400000.0,0.0
631,991324342.4536628,993724342.4536628,991564342.4536628,993484342.4536628,2026-07-09T22:55:09.875878+00:00,992524342.4536628,3.9284911551988952,3.0239932387241595,-37.7994508675478,32.56704663716727,993600123.7036628,28.63855548196838,146.484375,16384,2400000.0,0.0
632,992860158.870256,995260158.870256,993100158.870256,995020158.870256,2026-07-09T22:55:09.935675+00:00,994060158.870256,3.8026803185279494,2.9769450939135185,-33.770935849058134,35.374084735289564,993600051.448381,31.571404416761617,146.484375,16384,2400000.0,0.0
633,994395975.286849,996795975.286849,994635975.286849,996555975.286849,2026-07-09T22:55:09.995784+00:00,995595975.286849,3.7562326680666818,2.923992863834972,-35.46045877942323,19.97069621298096,996434158.880599,16.21446354491428,146.484375,16384,2400000.0,0.0
634,995931791.7034421,998331791.7034421,996171791.7034421,998091791.7034421,2026-07-09T22:55:10.053733+00:00,997131791.7034421,3.846266173452419,2.993555074457241,-42.192757011279085,21.84581602356255,997934086.6253171,17.999549850110128,146.484375,16384,2400000.0,0.0
635,997467608.1200353,999867608.1200353,997707608.1200353,999627608.1200353,2026-07-09T22:55:10.112926+00:00,998667608.1200353,3.966013533723713,3.1435825061168132,-73.9229205475347,20.69557502739435,998777764.3700353,16.729561493670637,146.484375,16384,2400000.0,0.0
636,999003424.5366284,1001403424.5366284,999243424.5366284,1001163424.5366284,2026-07-09T22:55:10.172763+00:00,1000203424.5366284,4.004979226089059,3.140234752754643,-45.95913674076057,20.432747079816668,999746393.2866284,16.42776785372761,146.484375,16384,2400000.0,0.0
637,1000539240.9532214,1002939240.9532214,1000779240.9532214,1002699240.9532214,2026-07-09T22:55:10.232660+00:00,1001739240.9532214,3.926063156825079,3.066179618062193,-37.93515052096376,18.075816858320557,1001739240.9532214,14.149753701495479,146.484375,16384,2400000.0,0.0
638,1002075057.3698146,1004475057.3698146,1002315057.3698146,1004235057.3698146,2026-07-09T22:55:10.291110+00:00,1003275057.3698146,3.8324817870798933,2.9950869974865384,-36.2962727828177,19.99378839375917,1003200057.3698146,16.16130660667928,146.484375,16384,2400000.0,0.0
639,1003610873.7864077,1006010873.7864077,1003850873.7864077,1005770873.7864077,2026-07-09T22:55:10.350195+00:00,1004810873.7864077,4.179121933234757,3.3311542309696036,-30.841202122311397,17.0845409176093,1004594662.8489077,12.905418984374542,146.484375,16384,2400000.0,0.0
640,1005146690.2030008,1007546690.2030008,1005386690.2030008,1007306690.2030008,2026-07-09T22:55:10.409878+00:00,1006346690.2030008,4.460123877789226,3.5255781361557315,-32.12543760226895,24.768836439915635,1007476817.1561258,20.30871256212641,146.484375,16384,2400000.0,0.0
641,1006682506.619594,1009082506.619594,1006922506.619594,1008842506.619594,2026-07-09T22:55:10.467968+00:00,1007882506.619594,4.260958810100968,3.4160600303706468,-34.48832063462516,50.753458385897105,1007999840.603969,46.49249957579614,146.484375,16384,2400000.0,0.0
642,1008218323.036187,1010618323.036187,1008458323.036187,1010378323.036187,2026-07-09T22:55:10.526217+00:00,1009418323.036187,5.021256482678728,4.1272051044218925,-34.98589051933358,29.321624253418292,1008522278.114312,24.300367770739562,146.484375,16384,2400000.0,0.0
643,1009754139.4527801,1012154139.4527801,1009994139.4527801,1011914139.4527801,2026-07-09T22:55:10.582903+00:00,1010954139.4527801,5.283351674405081,4.421218222827816,-34.10788915823612,17.743881638971047,1010954139.4527801,12.460529964565966,146.484375,16384,2400000.0,0.0
644,1011289955.8693733,1013689955.8693733,1011529955.8693733,1013449955.8693733,2026-07-09T22:55:10.639411+00:00,1012489955.8693733,5.518558745485629,4.60597368002766,-41.09968165998744,22.544500173469665,1012800063.2912483,17.025941427984037,146.484375,16384,2400000.0,0.0
645,1012825772.2859664,1015225772.2859664,1013065772.2859664,1014985772.2859664,2026-07-09T22:55:10.696538+00:00,1014025772.2859664,6.144430599366787,5.322904016549426,-32.603433280204996,20.744831897480008,1014919912.9109664,14.600401298113221,146.484375,16384,2400000.0,0.0
646,1014361588.7025595,1016761588.7025595,1014601588.7025595,1016521588.7025595,2026-07-09T22:55:10.753537+00:00,1015561588.7025595,6.445702518285626,5.612184523069814,-38.08537480038134,22.970694900609804,1016039860.1869345,16.52499238232418,146.484375,16384,2400000.0,0.0
647,1015897405.1191527,1018297405.1191527,1016137405.1191527,1018057405.1191527,2026-07-09T22:55:10.810695+00:00,1017097405.1191527,7.143459137583448,6.298057461247183,-36.98556859758837,25.232846762927466,1017167717.6191527,18.089387625344017,146.484375,16384,2400000.0,0.0
648,1017433221.5357457,1019833221.5357457,1017673221.5357457,1019593221.5357457,2026-07-09T22:55:10.870133+00:00,1018633221.5357457,6.538798549264483,5.794109752689172,-33.4034899930331,28.7112202607983,1019423797.7076207,22.172421711533815,146.484375,16384,2400000.0,0.0
649,1018969037.9523388,1021369037.9523388,1019209037.9523388,1021129037.9523388,2026-07-09T22:55:10.929487+00:00,1020169037.9523388,5.947358440902087,5.195324667074999,-41.66669315118614,30.920325233689773,1020000141.4679638,24.972966792787687,146.484375,16384,2400000.0,0.0
650,1020504854.368932,1022904854.368932,1020744854.368932,1022664854.368932,2026-07-09T22:55:10.989219+00:00,1021704854.368932,5.502344648938779,4.671324605935407,-37.74385664833497,46.12620508309617,1022400069.212682,40.623860434157386,146.484375,16384,2400000.0,0.0
651,1022040670.7855251,1024440670.7855251,1022280670.7855251,1024200670.7855251,2026-07-09T22:55:11.048118+00:00,1023240670.7855251,5.553481319620053,4.7649002558907725,-34.09613614516906,45.64735802705662,1022399996.9574001,40.093876707436564,146.484375,16384,2400000.0,0.0
652,1023576487.2021183,1025976487.2021183,1023816487.2021183,1025736487.2021183,2026-07-09T22:55:11.107548+00:00,1024776487.2021183,6.345476098473782,5.4968144401931,-33.354397756349556,19.883452896905666,1024776487.2021183,13.537976798431885,146.484375,16384,2400000.0,0.0
653,1025112303.6187114,1027512303.6187114,1025352303.6187114,1027272303.6187114,2026-07-09T22:55:11.167323+00:00,1026312303.6187114,6.928539731255912,6.029401449130386,-32.559376744490194,21.360634060520812,1026398436.4312114,14.4320943292649,146.484375,16384,2400000.0,0.0
654,1026648120.0353044,1029048120.0353044,1026888120.0353044,1028808120.0353044,2026-07-09T22:55:11.225851+00:00,1027848120.0353044,6.906838518822015,6.043917201316251,-32.92528285628711,25.298436368005728,1027199780.1915544,18.39159784918371,146.484375,16384,2400000.0,0.0
655,1028183936.4518976,1030583936.4518976,1028423936.4518976,1030343936.4518976,2026-07-09T22:55:11.284390+00:00,1029383936.4518976,7.0046636449039665,6.156608531240343,-33.95217134825436,20.285947825791087,1029323145.4362726,13.28128418088712,146.484375,16384,2400000.0,0.0
656,1029719752.8684907,1032119752.8684907,1029959752.8684907,1031879752.8684907,2026-07-09T22:55:11.342782+00:00,1030919752.8684907,6.259704613378757,5.388071154250303,-33.274748655682714,22.107198724081005,1030919752.8684907,15.847494110702248,146.484375,16384,2400000.0,0.0
657,1031255569.2850838,1033655569.2850838,1031495569.2850838,1033415569.2850838,2026-07-09T22:55:11.402662+00:00,1032455569.2850838,5.741040592241654,4.872990916094785,-37.62681608598504,19.580903737657398,1033173635.6913338,13.839863145415745,146.484375,16384,2400000.0,0.0
658,1032791385.701677,1035191385.701677,1033031385.701677,1034951385.701677,2026-07-09T22:55:11.462365+00:00,1033991385.701677,5.879192086206405,5.0549472901942485,-35.41088783232796,19.45175980166632,1033991385.701677,13.572567715459915,146.484375,16384,2400000.0,0.0
659,1034327202.11827,1036727202.11827,1034567202.11827,1036487202.11827,2026-07-09T22:55:11.519694+00:00,1035527202.11827,6.949102284566946,6.087267465889459,-37.710545599607606,37.004984283003935,1036277202.11827,30.055881998436988,146.484375,16384,2400000.0,0.0
660,1035863018.5348631,1038263018.5348631,1036103018.5348631,1038023018.5348631,2026-07-09T22:55:11.577219+00:00,1037063018.5348631,7.2675084904522205,6.441435069240069,-42.15128779409132,51.56160192050274,1036799786.1129881,44.294093430050516,146.484375,16384,2400000.0,0.0
661,1037398834.9514563,1039798834.9514563,1037638834.9514563,1039558834.9514563,2026-07-09T22:55:11.634472+00:00,1038598834.9514563,8.104335371128782,7.286238058219887,-32.502520435190846,22.080738254462556,1038296491.2014563,13.976402883333774,146.484375,16384,2400000.0,0.0
662,1038934651.3680494,1041334651.3680494,1039174651.3680494,1041094651.3680494,2026-07-09T22:55:11.691333+00:00,1040134651.3680494,7.94321801122957,7.17579406075822,-27.543399315318965,22.91072755619876,1039437092.7742994,14.967509544969191,146.484375,16384,2400000.0,0.0
663,1040470467.7846425,1042870467.7846425,1040710467.7846425,1042630467.7846425,2026-07-09T22:55:11.748279+00:00,1041670467.7846425,7.229352909819864,6.3965551467282715,-32.5242177807049,22.039270609731688,1041151180.6752675,14.809917699911823,146.484375,16384,2400000.0,0.0
664,1042006284.2012357,1044406284.2012357,1042246284.2012357,1044166284.2012357,2026-07-09T22:55:11.804922+00:00,1043206284.2012357,6.039412890605011,5.111167623730313,-44.78014110061561,18.086403057621464,1043206284.2012357,12.046990167016453,146.484375,16384,2400000.0,0.0
665,1043542100.6178287,1045942100.6178287,1043782100.6178287,1045702100.6178287,2026-07-09T22:55:11.861469+00:00,1044742100.6178287,5.803431372650216,4.922297659912655,-39.208228090583724,17.584067310172667,1044789708.0397037,11.780635937522451,146.484375,16384,2400000.0,0.0
666,1045077917.0344218,1047477917.0344218,1045317917.0344218,1047237917.0344218,2026-07-09T22:55:11.918253+00:00,1046277917.0344218,6.582664672530965,5.70291804775473,-47.43074773052393,19.033658575035833,1046837926.8000468,12.450993902504868,146.484375,16384,2400000.0,0.0
667,1046613733.451015,1049013733.451015,1046853733.451015,1048773733.451015,2026-07-09T22:55:11.975344+00:00,1047813733.451015,7.225243788626168,6.388940664540399,-38.12806828547266,21.638645538990108,1048548352.59164,14.41340175036394,146.484375,16384,2400000.0,0.0
668,1048149549.8676081,1050549549.8676081,1048389549.8676081,1050309549.8676081,2026-07-09T22:55:12.032178+00:00,1049349549.8676081,7.561880485924608,6.808120590331747,-31.2786802053526,22.48016729964686,1050302137.7582331,14.91828681372225,146.484375,16384,2400000.0,0.0
669,1049685366.2842011,1052085366.2842011,1049925366.2842011,1051845366.2842011,2026-07-09T22:55:12.088977+00:00,1050885366.2842011,8.524630399680786,7.705617565230835,-27.819649431880265,45.52253829356454,1051200014.7217011,36.99790789388375,146.484375,16384,2400000.0,0.0
670,1051221182.7007943,1053621182.7007943,1051461182.7007943,1053381182.7007943,2026-07-09T22:55:12.145562+00:00,1052421182.7007943,6.470134002501039,5.634878497052185,-32.21039321961284,35.02467275263982,1053599942.4664193,28.554538750138782,146.484375,16384,2400000.0,0.0
671,1052756999.1173874,1055156999.1173874,1052996999.1173874,1054916999.1173874,2026-07-09T22:55:12.202302+00:00,1053956999.1173874,6.414541140749572,5.519497923838188,-35.314300061257484,19.056928391178666,1053771256.9298874,12.642387250429094,146.484375,16384,2400000.0,0.0
672,1054292815.5339805,1056692815.5339805,1054532815.5339805,1056452815.5339805,2026-07-09T22:55:12.258730+00:00,1055492815.5339805,6.26048994680516,5.371844554127575,-42.973261285527386,25.553688576917736,1055996282.3308555,19.293198630112578,146.484375,16384,2400000.0,0.0
673,1055828631.9505737,1058228631.9505737,1056068631.9505737,1057988631.9505737,2026-07-09T22:55:12.315554+00:00,1057028631.9505737,5.9454757097449775,5.031932562389581,-34.8972641519972,20.498956841080926,1055996210.0755737,14.553481131335948,146.484375,16384,2400000.0,0.0
674,1057364448.3671668,1059764448.3671668,1057604448.3671668,1059524448.3671668,2026-07-09T22:55:12.372386+00:00,1058564448.3671668,5.923170380169517,5.009500172333105,-34.5586919234467,20.109592047835537,1058564448.3671668,14.186421667666021,146.484375,16384,2400000.0,0.0
675,1058900264.7837598,1061300264.7837598,1059140264.7837598,1061060264.7837598,2026-07-09T22:55:12.428701+00:00,1060100264.7837598,5.901130281021937,5.082592040437179,-30.875519741119568,19.595653009904186,1060100264.7837598,13.69452272888225,146.484375,16384,2400000.0,0.0
676,1060436081.200353,1062836081.200353,1060676081.200353,1062596081.200353,2026-07-09T22:55:12.485354+00:00,1061636081.200353,5.744671700974524,4.8386183970327625,-37.636383212344924,22.648610618523325,1061636081.200353,16.9039389175488,146.484375,16384,2400000.0,0.0
677,1061971897.6169461,1064371897.6169461,1062211897.6169461,1064131897.6169461,2026-07-09T22:55:12.542343+00:00,1063171897.6169461,6.20186123576582,5.364753599013834,-34.76974810934113,21.49641065389854,1063788010.8981961,15.29454941813272,146.484375,16384,2400000.0,0.0
678,1063507714.0335392,1065907714.0335392,1063747714.0335392,1065667714.0335392,2026-07-09T22:55:12.598575+00:00,1064707714.0335392,6.837707920383031,6.0343583839571115,-30.744303307918802,46.09331166886164,1065599803.8772892,39.255603748478606,146.484375,16384,2400000.0,0.0
679,1065043530.4501324,1067443530.4501324,1065283530.4501324,1067203530.4501324,2026-07-09T22:55:12.655609+00:00,1066243530.4501324,7.039164178093644,6.157119216190381,-40.135181408521134,46.490474062782184,1065599731.6220074,39.45130988468854,146.484375,16384,2400000.0,0.0
680,1066579346.8667254,1068979346.8667254,1066819346.8667254,1068739346.8667254,2026-07-09T22:55:12.712132+00:00,1067779346.8667254,6.79994641127182,5.904621568638227,-30.648180242160254,19.97411133292345,1067168946.4761004,13.174164921651629,146.484375,16384,2400000.0,0.0
681,1068115163.2833185,1070515163.2833185,1068355163.2833185,1070275163.2833185,2026-07-09T22:55:12.769388+00:00,1069315163.2833185,6.257017329337867,5.388510387442888,-39.69741163854615,18.699842098909436,1068574977.7364435,12.442824769571569,146.484375,16384,2400000.0,0.0
682,1069650979.6999117,1072050979.6999117,1069890979.6999117,1071810979.6999117,2026-07-09T22:55:12.826267+00:00,1070850979.6999117,5.7546956343822036,4.890656572166986,-33.97654352778758,18.85203786326454,1070850979.6999117,13.097342228882335,146.484375,16384,2400000.0,0.0
683,1071186796.1165048,1073586796.1165048,1071426796.1165048,1073346796.1165048,2026-07-09T22:55:12.883445+00:00,1072386796.1165048,5.371904245409803,4.46455248506776,-37.69249904312608,16.329134922352118,1072543534.3977548,10.957230676942315,146.484375,16384,2400000.0,0.0
684,1072722612.5330977,1075122612.5330977,1072962612.5330977,1074882612.5330977,2026-07-09T22:55:12.940300+00:00,1073922612.5330977,5.494698005801892,4.535962925791088,-38.16107950795997,19.744566401498716,1073922612.5330977,14.249868395696824,146.484375,16384,2400000.0,0.0
685,1074258428.949691,1076658428.949691,1074498428.949691,1076418428.949691,2026-07-09T22:55:12.997667+00:00,1075458428.949691,5.6088692157206275,4.782365498239409,-42.32703319129017,21.75418592478963,1076039678.949691,16.145316709069004,146.484375,16384,2400000.0,0.0
686,1075794245.3662841,1078194245.3662841,1076034245.3662841,1077954245.3662841,2026-07-09T22:55:13.054214+00:00,1076994245.3662841,5.868937925878227,5.0485868139284085,-35.36624967446117,23.772287988271206,1077744098.8819091,17.903350062392978,146.484375,16384,2400000.0,0.0
687,1077330061.7828772,1079730061.7828772,1077570061.7828772,1079490061.7828772,2026-07-09T22:55:13.111324+00:00,1078530061.7828772,5.781242750776095,5.020731400823933,-31.508594809168056,26.476329287477903,1078863899.6735022,20.695086536701808,146.484375,16384,2400000.0,0.0
688,1078865878.1994705,1081265878.1994705,1079105878.1994705,1081025878.1994705,2026-07-09T22:55:13.168062+00:00,1080065878.1994705,6.033454911594546,5.2065952296299844,-33.78766922543288,32.212909700584504,1079999960.2307205,26.179454788989958,146.484375,16384,2400000.0,0.0
689,1080401694.6160636,1082801694.6160636,1080641694.6160636,1082561694.6160636,2026-07-09T22:55:13.224703+00:00,1081601694.6160636,5.5963632411677064,4.762106314651774,-42.11050509222023,23.470666487075512,1081135874.3035636,17.874303245907804,146.484375,16384,2400000.0,0.0
690,1081937511.0326567,1084337511.0326567,1082177511.0326567,1084097511.0326567,2026-07-09T22:55:13.281019+00:00,1083137511.0326567,5.431831313445004,4.525687132036269,-36.79628234365406,19.83932113392671,1083137511.0326567,14.407489820481706,146.484375,16384,2400000.0,0.0
691,1083473327.4492497,1085873327.4492497,1083713327.4492497,1085633327.4492497,2026-07-09T22:55:13.337233+00:00,1084673327.4492497,5.610042494890969,4.703518920983912,-35.67363629333584,20.09034804516316,1084673327.4492497,14.480305550272192,146.484375,16384,2400000.0,0.0
692,1085009143.8658428,1087409143.8658428,1085249143.8658428,1087169143.8658428,2026-07-09T22:55:13.393735+00:00,1086209143.8658428,5.748646345736433,4.920916809260508,-39.80896357961045,19.218569353895617,1085671985.6627178,13.469923008159185,146.484375,16384,2400000.0,0.0
693,1086544960.282436,1088944960.282436,1086784960.282436,1088704960.282436,2026-07-09T22:55:13.450987+00:00,1087744960.282436,5.3845658513782935,4.511421811498199,-33.17721726560286,20.448766717133804,1087744960.282436,15.06420086575551,146.484375,16384,2400000.0,0.0
694,1088080776.699029,1090480776.699029,1088320776.699029,1090240776.699029,2026-07-09T22:55:13.507660+00:00,1089280776.699029,5.002826536612712,4.143820983740817,-37.6639016149245,18.61123811069756,1089280776.699029,13.608411574084847,146.484375,16384,2400000.0,0.0
695,1089616593.115622,1092016593.115622,1089856593.115622,1091776593.115622,2026-07-09T22:55:13.564292+00:00,1090816593.115622,4.717095514817135,3.8684948924671145,-34.88025404451113,19.99227311654542,1090816593.115622,15.275177601728284,146.484375,16384,2400000.0,0.0
696,1091152409.5322154,1093552409.5322154,1091392409.5322154,1093312409.5322154,2026-07-09T22:55:13.620600+00:00,1092352409.5322154,4.666293933724575,3.759576122016723,-44.01688009467869,18.680264295094315,1092352409.5322154,14.01397036136974,146.484375,16384,2400000.0,0.0
697,1092688225.9488084,1095088225.9488084,1092928225.9488084,1094848225.9488084,2026-07-09T22:55:13.678612+00:00,1093888225.9488084,4.832020833085529,3.9977483230379103,-40.0101839628025,24.396791987210285,1094399749.3863084,19.564771154124756,146.484375,16384,2400000.0,0.0
698,1094224042.3654015,1096624042.3654015,1094464042.3654015,1096384042.3654015,2026-07-09T22:55:13.735247+00:00,1095424042.3654015,4.4210659025620895,3.5186854277777178,-39.81353584690575,21.32387115570374,1094400116.5841515,16.90280525314165,146.484375,16384,2400000.0,0.0
699,1095759858.7819948,1098159858.7819948,1095999858.7819948,1097919858.7819948,2026-07-09T22:55:13.791762+00:00,1096959858.7819948,4.366577847940357,3.4678872880759775,-49.34020091901993,18.741128425256456,1096959858.7819948,14.374550577316098,146.484375,16384,2400000.0,0.0
700,1097295675.198588,1099695675.198588,1097535675.198588,1099455675.198588,2026-07-09T22:55:13.848386+00:00,1098495675.198588,3.9230153748778287,3.0691340139861207,-40.60249834659381,18.92778115890301,1098495675.198588,15.004765784025182,146.484375,16384,2400000.0,0.0
701,1098831491.615181,1101231491.615181,1099071491.615181,1100991491.615181,2026-07-09T22:55:13.904918+00:00,1100031491.615181,3.8293243401096024,2.9097483538209143,-33.44869329992968,19.62875640139232,1100031491.615181,15.799432061282717,146.484375,16384,2400000.0,0.0
702,1100367308.031774,1102767308.031774,1100607308.031774,1102527308.031774,2026-07-09T22:55:13.964417+00:00,1101567308.031774,3.2053347623995707,2.3745082646387976,-34.472627066918314,18.51087477525303,1101567308.031774,15.30554001285346,146.484375,16384,2400000.0,0.0
703,1101903124.448367,1104303124.448367,1102143124.448367,1104063124.448367,2026-07-09T22:55:14.023330+00:00,1103103124.448367,3.049057557778196,2.1579378552359123,-38.346540661198624,19.48677680348453,1103103124.448367,16.437719245706337,146.484375,16384,2400000.0,0.0
704,1103438940.8649602,1105838940.8649602,1103678940.8649602,1105598940.8649602,2026-07-09T22:55:14.081567+00:00,1104638940.8649602,2.8453896554612923,2.0051293777229375,-34.23631417606562,19.057558538403775,1104638940.8649602,16.212168882942482,146.484375,16384,2400000.0,0.0
705,1104974757.2815533,1107374757.2815533,1105214757.2815533,1107134757.2815533,2026-07-09T22:55:14.141298+00:00,1106174757.2815533,2.853663999035989,1.9824482848029357,-36.284779803147885,20.536485470852558,1106174757.2815533,17.682821471816567,146.484375,16384,2400000.0,0.0
706,1106510573.6981463,1108910573.6981463,1106750573.6981463,1108670573.6981463,2026-07-09T22:55:14.199218+00:00,1107710573.6981463,2.8339920543705563,1.9592618144728449,-41.1120816055961,36.1114253460905,1108799977.9950213,33.277433291719944,146.484375,16384,2400000.0,0.0
707,1108046390.1147397,1110446390.1147397,1108286390.1147397,1110206390.1147397,2026-07-09T22:55:14.256304+00:00,1109246390.1147397,2.8788551525874135,2.000426613234027,-40.30207813971831,38.63799142165917,1108799905.7397397,35.75913626907176,146.484375,16384,2400000.0,0.0
708,1109582206.5313327,1111982206.5313327,1109822206.5313327,1111742206.5313327,2026-07-09T22:55:14.314464+00:00,1110782206.5313327,2.725086571794722,1.859597912060908,-38.34308982051369,19.458435896106266,1110782206.5313327,16.733349324311543,146.484375,16384,2400000.0,0.0
709,1111118022.9479258,1113518022.9479258,1111358022.9479258,1113278022.9479258,2026-07-09T22:55:14.372963+00:00,1112318022.9479258,2.726626869380561,1.857247879703734,-33.747357290015565,20.47952891892743,1112318022.9479258,17.75290204954687,146.484375,16384,2400000.0,0.0
710,1112653839.364519,1115053839.364519,1112893839.364519,1114813839.364519,2026-07-09T22:55:14.432288+00:00,1113853839.364519,3.5081727518028383,2.659567882861163,-37.971114143592,20.342002766027313,1113853839.364519,16.833830014224475,146.484375,16384,2400000.0,0.0
711,1114189655.781112,1116589655.781112,1114429655.781112,1116349655.781112,2026-07-09T22:55:14.490260+00:00,1115389655.781112,2.7736514794423,1.9067661955547754,-33.09142354440778,17.598441151496132,1115389655.781112,14.824789672053832,146.484375,16384,2400000.0,0.0
712,1115725472.1977053,1118125472.1977053,1115965472.1977053,1117885472.1977053,2026-07-09T22:55:14.549794+00:00,1116925472.1977053,3.051125656148508,2.2274735204964267,-43.149345264862575,18.521979184712347,1116925472.1977053,15.47085352856384,146.484375,16384,2400000.0,0.0
713,1117261288.6142983,1119661288.6142983,1117501288.6142983,1119421288.6142983,2026-07-09T22:55:14.608846+00:00,1118461288.6142983,3.0445027502252033,2.1882140442180673,-38.153412637459795,19.277560517493836,1118461288.6142983,16.233057767268633,146.484375,16384,2400000.0,0.0
714,1118797105.0308914,1121197105.0308914,1119037105.0308914,1120957105.0308914,2026-07-09T22:55:14.666532+00:00,1119997105.0308914,3.242338996672837,2.3446684928172825,-37.52774684490638,16.94670384522007,1119997105.0308914,13.704364848547234,146.484375,16384,2400000.0,0.0
715,1120332921.4474845,1122732921.4474845,1120572921.4474845,1122492921.4474845,2026-07-09T22:55:14.724903+00:00,1121532921.4474845,3.341763659918093,2.5150399079579797,-31.163684145060454,23.82220288621103,1122676231.9943595,20.480439226292937,146.484375,16384,2400000.0,0.0
716,1121868737.8640776,1124268737.8640776,1122108737.8640776,1124028737.8640776,2026-07-09T22:55:14.783722+00:00,1123068737.8640776,3.441251294670557,2.5615008469483396,-41.203046116330675,41.99016282512511,1123200134.3484526,38.54891153045455,146.484375,16384,2400000.0,0.0
717,1123404554.2806706,1125804554.2806706,1123644554.2806706,1125564554.2806706,2026-07-09T22:55:14.842640+00:00,1124604554.2806706,3.5218159300893053,2.631701733652344,-37.29136138790521,26.16990749457719,1123722864.8275456,22.648091564487885,146.484375,16384,2400000.0,0.0
718,1124940370.697264,1127340370.697264,1125180370.697264,1127100370.697264,2026-07-09T22:55:14.901201+00:00,1126140370.697264,3.6030619651016553,2.7051004165102355,-39.56185736564798,19.079258103644932,1126140370.697264,15.476196138543276,146.484375,16384,2400000.0,0.0
719,1126476187.113857,1128876187.113857,1126716187.113857,1128636187.113857,2026-07-09T22:55:14.960508+00:00,1127676187.113857,3.484776669751537,2.604005992275092,-50.451900949048195,19.733164511274275,1127676187.113857,16.24838784152274,146.484375,16384,2400000.0,0.0
720,1128012003.53045,1130412003.53045,1128252003.53045,1130172003.53045,2026-07-09T22:55:15.019242+00:00,1129212003.53045,3.735117740465503,2.8441929339976824,-34.001861959707675,19.38279163534276,1129212003.53045,15.647673894877256,146.484375,16384,2400000.0,0.0
721,1129547819.9470432,1131947819.9470432,1129787819.9470432,1131707819.9470432,2026-07-09T22:55:15.078183+00:00,1130747819.9470432,3.7015882687287527,2.8465137417733963,-33.11388866898507,18.36878923419807,1130747819.9470432,14.667200965469316,146.484375,16384,2400000.0,0.0
722,1131083636.3636363,1133483636.3636363,1131323636.3636363,1133243636.3636363,2026-07-09T22:55:15.137213+00:00,1132283636.3636363,3.9591650377808287,3.081970462408578,-36.891424155303525,17.826347634094336,1133110980.1136363,13.867182596313508,146.484375,16384,2400000.0,0.0
723,1132619452.7802293,1135019452.7802293,1132859452.7802293,1134779452.7802293,2026-07-09T22:55:15.195893+00:00,1133819452.7802293,4.6220219852118625,3.7351472347664734,-36.72032028691249,19.974842703348838,1133819452.7802293,15.352820718136975,146.484375,16384,2400000.0,0.0
724,1134155269.1968226,1136555269.1968226,1134395269.1968226,1136315269.1968226,2026-07-09T22:55:15.256244+00:00,1135355269.1968226,4.933532522290637,4.065150329794658,-34.593999526387606,20.387144082244664,1136047993.8061976,15.453611559954027,146.484375,16384,2400000.0,0.0
725,1135691085.6134157,1138091085.6134157,1135931085.6134157,1137851085.6134157,2026-07-09T22:55:15.314419+00:00,1136891085.6134157,4.7493557229313215,4.000986477587521,-38.85686785894032,43.20302540807318,1137599923.5040407,38.45366968514186,146.484375,16384,2400000.0,0.0
726,1137226902.0300088,1139626902.0300088,1137466902.0300088,1139386902.0300088,2026-07-09T22:55:15.373549+00:00,1138426902.0300088,4.638598045433509,3.808059467353086,-39.07246813461143,42.8774762572489,1137599851.2487588,38.23887821181539,146.484375,16384,2400000.0,0.0
727,1138762718.4466019,1141162718.4466019,1139002718.4466019,1140922718.4466019,2026-07-09T22:55:15.432578+00:00,1139962718.4466019,4.483148166183391,3.5689731755799547,-45.19973697147627,34.68509119393424,1139999778.9934769,30.20194302775085,146.484375,16384,2400000.0,0.0
728,1140298534.863195,1142698534.863195,1140538534.863195,1142458534.863195,2026-07-09T22:55:15.490886+00:00,1141498534.863195,4.668312995246096,3.8409509443551153,-34.24216837937769,23.930767942631277,1142400146.19132,19.26245494738518,146.484375,16384,2400000.0,0.0
729,1141834351.279788,1144234351.279788,1142074351.279788,1143994351.279788,2026-07-09T22:55:15.550501+00:00,1143034351.279788,5.064975116013859,4.238799908737001,-37.757681639724396,25.47862579017227,1142400073.936038,20.41365067415841,146.484375,16384,2400000.0,0.0
730,1143370167.6963813,1145770167.6963813,1143610167.6963813,1145530167.6963813,2026-07-09T22:55:15.608475+00:00,1144570167.6963813,5.546068592387144,4.698094148719788,-36.404659023603955,21.145508318391855,1143952003.6338813,15.59943972600471,146.484375,16384,2400000.0,0.0
731,1144905984.1129744,1147305984.1129744,1145145984.1129744,1147065984.1129744,2026-07-09T22:55:15.666379+00:00,1146105984.1129744,5.788631045887058,4.9430274202078035,-45.958049276034046,22.41605318836815,1146207937.2379744,16.62742214248109,146.484375,16384,2400000.0,0.0
732,1146441800.5295675,1148841800.5295675,1146681800.5295675,1148601800.5295675,2026-07-09T22:55:15.724455+00:00,1147641800.5295675,6.34517140233725,5.5536917304849265,-36.787633624237955,20.626894505433615,1147641800.5295675,14.281723103096365,146.484375,16384,2400000.0,0.0
733,1147977616.9461606,1150377616.9461606,1148217616.9461606,1150137616.9461606,2026-07-09T22:55:15.783336+00:00,1149177616.9461606,6.431142141614769,5.640543824306592,-33.97715055753532,20.952651690180755,1148571464.6024106,14.521509548565986,146.484375,16384,2400000.0,0.0
734,1149513433.3627536,1151913433.3627536,1149753433.3627536,1151673433.3627536,2026-07-09T22:55:15.841416+00:00,1150713433.3627536,6.294126111563257,5.441713838865539,-42.18128652664495,20.73353055537796,1150713433.3627536,14.439404443814704,146.484375,16384,2400000.0,0.0
735,1151049249.7793467,1153449249.7793467,1151289249.7793467,1153209249.7793467,2026-07-09T22:55:15.900593+00:00,1152249249.7793467,6.119313674847378,5.257331441072429,-34.857028725031604,38.10410283765019,1152000079.8574717,31.984789162802812,146.484375,16384,2400000.0,0.0
736,1152585066.19594,1154985066.19594,1152825066.19594,1154745066.19594,2026-07-09T22:55:15.959484+00:00,1153785066.19594,5.3784680046863915,4.550304359596662,-31.584121345518565,18.232071539432265,1153737605.25844,12.853603534745874,146.484375,16384,2400000.0,0.0
737,1154120882.612533,1156520882.612533,1154360882.612533,1156280882.612533,2026-07-09T22:55:16.018570+00:00,1155320882.612533,5.382984554514156,4.530348740082747,-33.22163822638942,18.028959851283,1155009603.315658,12.645975296768842,146.484375,16384,2400000.0,0.0
738,1155656699.0291262,1158056699.0291262,1155896699.0291262,1157816699.0291262,2026-07-09T22:55:16.079060+00:00,1156856699.0291262,5.433989920655994,4.554966508125304,-29.776578278853314,18.65315455090081,1156160898.2478762,13.219164630244816,146.484375,16384,2400000.0,0.0
739,1157192515.4457192,1159592515.4457192,1157432515.4457192,1159352515.4457192,2026-07-09T22:55:16.138508+00:00,1158392515.4457192,5.64401850055683,4.8426039704775725,-32.52720056108194,19.577271191435024,1158873423.6488442,13.933252690878195,146.484375,16384,2400000.0,0.0
740,1158728331.8623123,1161128331.8623123,1158968331.8623123,1160888331.8623123,2026-07-09T22:55:16.197283+00:00,1159928331.8623123,5.988895017181452,5.123869553066427,-37.66165215843476,20.103136425521487,1159796202.9560623,14.114241408340035,146.484375,16384,2400000.0,0.0
741,1160264148.2789054,1162664148.2789054,1160504148.2789054,1162424148.2789054,2026-07-09T22:55:16.255604+00:00,1161464148.2789054,5.7634188763556455,4.923400412040908,-45.55254801346684,21.897007957071736,1161600085.7789054,16.133589080716092,146.484375,16384,2400000.0,0.0
742,1161799964.6954987,1164199964.6954987,1162039964.6954987,1163959964.6954987,2026-07-09T22:55:16.313941+00:00,1162999964.6954987,5.30790214363801,4.423958696150584,-42.6627890093388,18.483766953192173,1163446009.6173737,13.175864809554163,146.484375,16384,2400000.0,0.0
743,1163335781.1120918,1165735781.1120918,1163575781.1120918,1165495781.1120918,2026-07-09T22:55:16.372202+00:00,1164535781.1120918,4.9836654652407955,4.133898250038156,-44.99821597841116,19.204930545481332,1164535781.1120918,14.221265080240537,146.484375,16384,2400000.0,0.0
744,1164871597.5286849,1167271597.5286849,1165111597.5286849,1167031597.5286849,2026-07-09T22:55:16.430806+00:00,1166071597.5286849,4.935903391617274,4.029489272535155,-37.415854576148135,41.09590430984514,1166399869.0130599,36.160000918227865,146.484375,16384,2400000.0,0.0
745,1166407413.945278,1168807413.945278,1166647413.945278,1168567413.945278,2026-07-09T22:55:16.489084+00:00,1167607413.945278,4.484000299486718,3.6597658537348785,-37.35246817367615,31.76226392944884,1168799796.757778,27.27826362996212,146.484375,16384,2400000.0,0.0
746,1167943230.361871,1170343230.361871,1168183230.361871,1170103230.361871,2026-07-09T22:55:16.547969+00:00,1169143230.361871,4.450555849022172,3.5113142728127045,-36.29516406581371,19.395069444971817,1169143230.361871,14.944513595949644,146.484375,16384,2400000.0,0.0
747,1169479046.778464,1171879046.778464,1169719046.778464,1171639046.778464,2026-07-09T22:55:16.605931+00:00,1170679046.778464,4.265989297422109,3.366565238611642,-31.979245892791095,23.14374785960439,1171200091.700339,18.87775856218228,146.484375,16384,2400000.0,0.0
748,1171014863.1950574,1173414863.1950574,1171254863.1950574,1173174863.1950574,2026-07-09T22:55:16.663514+00:00,1172214863.1950574,4.63737062465928,3.772716571750111,-37.7438250801148,18.75583537148879,1171200019.4450574,14.11846474682951,146.484375,16384,2400000.0,0.0
749,1172550679.6116505,1174950679.6116505,1172790679.6116505,1174710679.6116505,2026-07-09T22:55:16.720920+00:00,1173750679.6116505,4.933777456625355,3.978916241528129,-41.946351497634346,18.613557162692626,1173750679.6116505,13.67977970606727,146.484375,16384,2400000.0,0.0
750,1174086496.0282435,1176486496.0282435,1174326496.0282435,1176246496.0282435,2026-07-09T22:55:16.778946+00:00,1175286496.0282435,5.089518739390537,4.193333128967105,-41.144145763540656,20.4502455891696,1175286496.0282435,15.360726849779063,146.484375,16384,2400000.0,0.0
751,1175622312.4448366,1178022312.4448366,1175862312.4448366,1177782312.4448366,2026-07-09T22:55:16.836213+00:00,1176822312.4448366,5.0509188473752005,4.132667886697839,-33.94214554612826,18.5023286887952,1176822312.4448366,13.451409841419999,146.484375,16384,2400000.0,0.0
752,1177158128.8614297,1179558128.8614297,1177398128.8614297,1179318128.8614297,2026-07-09T22:55:16.893080+00:00,1178358128.8614297,4.70561437663561,3.835943216584436,-33.438398164313696,18.032031771624407,1178358128.8614297,13.326417394988797,146.484375,16384,2400000.0,0.0
753,1178693945.278023,1181093945.278023,1178933945.278023,1180853945.278023,2026-07-09T22:55:16.950908+00:00,1179893945.278023,4.686120379856588,3.8303982344925287,-32.15896611554359,44.89427761424093,1180800097.621773,40.20815723438434,146.484375,16384,2400000.0,0.0
754,1180229761.694616,1182629761.694616,1180469761.694616,1182389761.694616,2026-07-09T22:55:17.009074+00:00,1181429761.694616,4.103806099570734,3.2240239987802566,-34.691559421253125,45.42141489118609,1180800025.366491,41.317608791615356,146.484375,16384,2400000.0,0.0
755,1181765578.1112092,1184165578.1112092,1182005578.1112092,1183925578.1112092,2026-07-09T22:55:17.067684+00:00,1182965578.1112092,4.093681665150154,3.213675160604942,-37.824580503161044,19.153637426462772,1182965578.1112092,15.059955761312619,146.484375,16384,2400000.0,0.0
756,1183301394.5278022,1185701394.5278022,1183541394.5278022,1185461394.5278022,2026-07-09T22:55:17.124337+00:00,1184501394.5278022,3.9927239510042534,3.1246698063993907,-35.82622761440566,17.488646287684023,1184501394.5278022,13.49592233667977,146.484375,16384,2400000.0,0.0
757,1184837210.9443953,1187237210.9443953,1185077210.9443953,1186997210.9443953,2026-07-09T22:55:17.182846+00:00,1186037210.9443953,3.806294762816397,2.8842109457879834,-43.53574104190359,18.462311910611593,1185599662.1162703,14.656017147795197,146.484375,16384,2400000.0,0.0
758,1186373027.3609884,1188773027.3609884,1186613027.3609884,1188533027.3609884,2026-07-09T22:55:17.240753+00:00,1187573027.3609884,3.716462068572798,2.8904462806412434,-34.2783505947065,21.197507765153617,1187573027.3609884,17.481045696580818,146.484375,16384,2400000.0,0.0
759,1187908843.7775817,1190308843.7775817,1188148843.7775817,1190068843.7775817,2026-07-09T22:55:17.298511+00:00,1189108843.7775817,3.8304803304284585,2.8886205192958796,-42.47820216750081,18.999985812033188,1189108843.7775817,15.16950548160473,146.484375,16384,2400000.0,0.0
760,1189444660.1941748,1191844660.1941748,1189684660.1941748,1191604660.1941748,2026-07-09T22:55:17.356502+00:00,1190644660.1941748,3.3654192566184653,2.5203307082956483,-34.69453945964304,20.463586217175447,1190644660.1941748,17.09816696055698,146.484375,16384,2400000.0,0.0
761,1190980476.6107678,1193380476.6107678,1191220476.6107678,1193140476.6107678,2026-07-09T22:55:17.415139+00:00,1192180476.6107678,3.1416498942973754,2.294883840140335,-39.552952510578855,19.26287341496703,1192180476.6107678,16.121223520669652,146.484375,16384,2400000.0,0.0
762,1192516293.027361,1194916293.027361,1192756293.027361,1194676293.027361,2026-07-09T22:55:17.473517+00:00,1193716293.027361,3.023606367546178,2.0901608640570486,-44.062645790308956,26.559218376542468,1194677377.011736,23.53561200899629,146.484375,16384,2400000.0,0.0
763,1194052109.443954,1196452109.443954,1194292109.443954,1196212109.443954,2026-07-09T22:55:17.531716+00:00,1195252109.443954,3.1307683001060895,2.3279897421310767,-36.516900921646005,40.09909709344217,1195199814.522079,36.96832879333608,146.484375,16384,2400000.0,0.0
764,1195587925.860547,1197987925.860547,1195827925.860547,1197747925.860547,2026-07-09T22:55:17.588589+00:00,1196787925.860547,2.955138995090132,2.0937304923094318,-34.685646154370374,23.9174002341413,1195721812.579297,20.96226123905117,146.484375,16384,2400000.0,0.0
765,1197123742.2771404,1199523742.2771404,1197363742.2771404,1199283742.2771404,2026-07-09T22:55:17.645329+00:00,1198323742.2771404,2.9953035557393712,2.148099046342651,-46.754854977446115,19.954332049887036,1198288000.0896404,16.959028494147663,146.484375,16384,2400000.0,0.0
766,1198659558.6937335,1201059558.6937335,1198899558.6937335,1200819558.6937335,2026-07-09T22:55:17.701816+00:00,1199859558.6937335,2.8858447420679,2.095322118827385,-45.39773636699123,29.045889137857557,1200000037.2093585,26.160044395789658,146.484375,16384,2400000.0,0.0
767,1200195375.1103265,1202595375.1103265,1200435375.1103265,1202355375.1103265,2026-07-09T22:55:17.758218+00:00,1201395375.1103265,2.587117426083756,1.7399644548075313,-40.30649472709156,17.535393337753217,1201395375.1103265,14.94827591166946,146.484375,16384,2400000.0,0.0
768,1201731191.5269196,1204131191.5269196,1201971191.5269196,1203891191.5269196,2026-07-09T22:55:17.815591+00:00,1202931191.5269196,2.580504972341462,1.7069051016091592,-42.51599041113369,20.81107924963643,1202931191.5269196,18.230574277294966,146.484375,16384,2400000.0,0.0
769,1203267007.9435127,1205667007.9435127,1203507007.9435127,1205427007.9435127,2026-07-09T22:55:17.872671+00:00,1204467007.9435127,2.832304840737109,1.9567444195893862,-38.610061682549784,19.515021838668137,1204799820.4435127,16.682716997931028,146.484375,16384,2400000.0,0.0
770,1204802824.3601058,1207202824.3601058,1205042824.3601058,1206962824.3601058,2026-07-09T22:55:17.929374+00:00,1206002824.3601058,3.025205230860392,2.1359994595616243,-38.025882805179606,18.925909034220993,1206002824.3601058,15.900703803360601,146.484375,16384,2400000.0,0.0
771,1206338640.776699,1208738640.776699,1206578640.776699,1208498640.776699,2026-07-09T22:55:17.986895+00:00,1207538640.776699,3.0579864007672146,2.1776988096378296,-34.12536168853816,16.61471509522736,1207538640.776699,13.556728694460146,146.484375,16384,2400000.0,0.0
772,1207874457.1932921,1210274457.1932921,1208114457.1932921,1210034457.1932921,2026-07-09T22:55:18.043530+00:00,1209074457.1932921,2.9834010885927125,2.031343536087644,-48.362276009496405,39.41486732596023,1209600043.1307921,36.431466237367516,146.484375,16384,2400000.0,0.0
773,1209410273.6098852,1211810273.6098852,1209650273.6098852,1211570273.6098852,2026-07-09T22:55:18.100283+00:00,1210610273.6098852,2.76377424878276,1.8781636273769173,-35.56384183175005,37.094281786973596,1209599970.8755102,34.33050753819084,146.484375,16384,2400000.0,0.0
774,1210946090.0264783,1213346090.0264783,1211186090.0264783,1213106090.0264783,2026-07-09T22:55:18.156838+00:00,1212146090.0264783,2.4406914700068256,1.5232501820758817,-35.6623880540187,20.500068139358433,1212146090.0264783,18.059376669351607,146.484375,16384,2400000.0,0.0
775,1212481906.4430714,1214881906.4430714,1212721906.4430714,1214641906.4430714,2026-07-09T22:55:18.213637+00:00,1213681906.4430714,2.3918882763744036,1.5144065341320956,-42.162440270248915,17.15877806131626,1213681906.4430714,14.766889784941855,146.484375,16384,2400000.0,0.0
776,1214017722.8596644,1216417722.8596644,1214257722.8596644,1216177722.8596644,2026-07-09T22:55:18.270516+00:00,1215217722.8596644,2.1270530014693954,1.2643059186908656,-46.78063305415701,18.22907882277214,1215217722.8596644,16.102025821302746,146.484375,16384,2400000.0,0.0
777,1215553539.2762578,1217953539.2762578,1215793539.2762578,1217713539.2762578,2026-07-09T22:55:18.327414+00:00,1216753539.2762578,2.1007628866502444,1.2438284642444004,-38.90742082951973,19.743823621861377,1216753539.2762578,17.643060735211133,146.484375,16384,2400000.0,0.0
778,1217089355.6928508,1219489355.6928508,1217329355.6928508,1219249355.6928508,2026-07-09T22:55:18.383871+00:00,1218289355.6928508,2.08763740464907,1.255894636382782,-52.33437274520469,18.30446480727182,1218289355.6928508,16.21682740262275,146.484375,16384,2400000.0,0.0
779,1218625172.109444,1221025172.109444,1218865172.109444,1220785172.109444,2026-07-09T22:55:18.440551+00:00,1219825172.109444,2.1589749939033664,1.2909421284686002,-34.854790315577006,17.535721743709555,1219199976.796944,15.376746749806188,146.484375,16384,2400000.0,0.0
780,1220160988.526037,1222560988.526037,1220400988.526037,1222320988.526037,2026-07-09T22:55:18.496795+00:00,1221360988.526037,2.4125305163230926,1.551420877690757,-48.2168119155369,17.33565507428043,1221360988.526037,14.923124557957339,146.484375,16384,2400000.0,0.0
781,1221696804.94263,1224096804.94263,1221936804.94263,1223856804.94263,2026-07-09T22:55:18.553311+00:00,1222896804.94263,2.3796157748306435,1.5181496045381917,-36.933174175679454,37.58121515550661,1223999832.28638,35.20159938067597,146.484375,16384,2400000.0,0.0
782,1223232621.3592231,1225632621.3592231,1223472621.3592231,1225392621.3592231,2026-07-09T22:55:18.609824+00:00,1224432621.3592231,2.368068462591473,1.4327207640367705,-35.60289151191692,40.8634422824457,1223999760.0310981,38.49537381985423,146.484375,16384,2400000.0,0.0
783,1224768437.7758164,1227168437.7758164,1225008437.7758164,1226928437.7758164,2026-07-09T22:55:18.666551+00:00,1225968437.7758164,2.364829156524082,1.4540015585745478,-39.31952205094119,18.35934355175198,1225968437.7758164,15.994514395227899,146.484375,16384,2400000.0,0.0
784,1226304254.1924095,1228704254.1924095,1226544254.1924095,1228464254.1924095,2026-07-09T22:55:18.722880+00:00,1227504254.1924095,2.451154768565898,1.5784348131750578,-39.86711116629364,19.334216328670475,1227504254.1924095,16.88306156010458,146.484375,16384,2400000.0,0.0
785,1227840070.6090026,1230240070.6090026,1228080070.6090026,1230000070.6090026,2026-07-09T22:55:18.780068+00:00,1229040070.6090026,2.3297467838306907,1.4104550555198525,-43.75017308510431,19.519476213363095,1228799836.2340026,17.189729429532406,146.484375,16384,2400000.0,0.0
786,1229375887.0255957,1231775887.0255957,1229615887.0255957,1231535887.0255957,2026-07-09T22:55:18.836456+00:00,1230575887.0255957,2.2656238747116353,1.369992863139803,-43.20313813660364,19.286740236343046,1230575887.0255957,17.02111636163141,146.484375,16384,2400000.0,0.0
787,1230911703.4421887,1233311703.4421887,1231151703.4421887,1233071703.4421887,2026-07-09T22:55:18.893346+00:00,1232111703.4421887,2.48722294798198,1.5800117328389875,-38.33271594641472,20.23320323338539,1232111703.4421887,17.74598028540341,146.484375,16384,2400000.0,0.0
788,1232447519.8587818,1234847519.8587818,1232687519.8587818,1234607519.8587818,2026-07-09T22:55:18.950351+00:00,1233647519.8587818,2.383386084539627,1.4236615484399004,-36.368228973577615,20.28605954725841,1233647519.8587818,17.902673462718784,146.484375,16384,2400000.0,0.0
789,1233983336.2753751,1236383336.2753751,1234223336.2753751,1236143336.2753751,2026-07-09T22:55:19.006549+00:00,1235183336.2753751,2.732520429631906,1.86390463414609,-36.109897671447115,18.478598441157796,1235183336.2753751,15.74607801152589,146.484375,16384,2400000.0,0.0
790,1235519152.6919682,1237919152.6919682,1235759152.6919682,1237679152.6919682,2026-07-09T22:55:19.062970+00:00,1236719152.6919682,2.9233724363303297,2.000389350618276,-44.04790680319276,21.860346489912587,1237877697.6138432,18.936974053582258,146.484375,16384,2400000.0,0.0
791,1237054969.1085613,1239454969.1085613,1237294969.1085613,1239214969.1085613,2026-07-09T22:55:19.119498+00:00,1238254969.1085613,2.945850294089436,2.0367292208789864,-43.626404065821625,34.412720059570994,1238399988.6398113,31.466869765481558,146.484375,16384,2400000.0,0.0
792,1238590785.5251544,1240990785.5251544,1238830785.5251544,1240750785.5251544,2026-07-09T22:55:19.175911+00:00,1239790785.5251544,2.984533123222636,2.1164028582196854,-50.51110972655092,22.986669053273836,1238922426.1501544,20.0021359300512,146.484375,16384,2400000.0,0.0
793,1240126601.9417474,1242526601.9417474,1240366601.9417474,1242286601.9417474,2026-07-09T22:55:19.232482+00:00,1241326601.9417474,2.792134648460217,1.8517707085286867,-58.12093123948828,20.564950951771557,1241326601.9417474,17.77281630331134,146.484375,16384,2400000.0,0.0
794,1241662418.3583407,1244062418.3583407,1241902418.3583407,1243822418.3583407,2026-07-09T22:55:19.288711+00:00,1242862418.3583407,2.577487111380862,1.744903153005372,-32.25802449564749,17.3548649627353,1242862418.3583407,14.777377851354437,146.484375,16384,2400000.0,0.0
795,1243198234.7749338,1245598234.7749338,1243438234.7749338,1245358234.7749338,2026-07-09T22:55:19.345564+00:00,1244398234.7749338,2.570241142322753,1.7188677979178348,-42.428492058694474,17.925652474790514,1244398234.7749338,15.35541133246776,146.484375,16384,2400000.0,0.0
796,1244734051.191527,1247134051.191527,1244974051.191527,1246894051.191527,2026-07-09T22:55:19.402223+00:00,1245934051.191527,2.666828472818948,1.712645114914534,-34.333228231342325,18.521344815653777,1245934051.191527,15.854516342834827,146.484375,16384,2400000.0,0.0
797,1246269867.60812,1248669867.60812,1246509867.60812,1248429867.60812,2026-07-09T22:55:19.458868+00:00,1247469867.60812,2.5303577763186276,1.6590052141674358,-47.70992523687277,19.542199336698204,1247469867.60812,17.011841560379576,146.484375,16384,2400000.0,0.0
798,1247805684.024713,1250205684.024713,1248045684.024713,1249965684.024713,2026-07-09T22:55:19.515163+00:00,1249005684.024713,2.702509470958389,1.8311507351922678,-34.35692335879973,17.374110160364634,1249005684.024713,14.671600689406244,146.484375,16384,2400000.0,0.0
799,1249341500.441306,1251741500.441306,1249581500.441306,1251501500.441306,2026-07-09T22:55:19.571599+00:00,1250541500.441306,2.8911913058697287,1.9573366493597208,-33.61511061492688,19.313306203654648,1250541500.441306,16.42211489778492,146.484375,16384,2400000.0,0.0
800,1250877316.8578994,1253277316.8578994,1251117316.8578994,1253037316.8578994,2026-07-09T22:55:19.628844+00:00,1252077316.8578994,2.7990061834020183,1.894378912664759,-33.06414651291207,40.061697487825825,1252799777.7953994,37.262691304423804,146.484375,16384,2400000.0,0.0
801,1252413133.2744925,1254813133.2744925,1252653133.2744925,1254573133.2744925,2026-07-09T22:55:19.685737+00:00,1253613133.2744925,2.6218349554049705,1.7858042273628851,-32.54049216745787,39.77905614720441,1252800144.9932425,37.15722119179944,146.484375,16384,2400000.0,0.0
802,1253948949.6910856,1256348949.6910856,1254188949.6910856,1256108949.6910856,2026-07-09T22:55:19.742058+00:00,1255148949.6910856,2.2844747280351014,1.3866961444692896,-37.004447494454155,18.971889680914746,1255148949.6910856,16.687414952879646,146.484375,16384,2400000.0,0.0
803,1255484766.1076787,1257884766.1076787,1255724766.1076787,1257644766.1076787,2026-07-09T22:55:19.799416+00:00,1256684766.1076787,2.236457109125689,1.358250474048043,-44.39940721638589,19.24098753161765,1256684766.1076787,17.004530422491964,146.484375,16384,2400000.0,0.0
804,1257020582.5242717,1259420582.5242717,1257260582.5242717,1259180582.5242717,2026-07-09T22:55:19.857883+00:00,1258220582.5242717,2.359786577028072,1.5069184760193397,-32.809108560848756,20.55390409362722,1257599928.2273967,18.19411751659915,146.484375,16384,2400000.0,0.0
805,1258556398.9408648,1260956398.9408648,1258796398.9408648,1260716398.9408648,2026-07-09T22:55:19.914958+00:00,1259756398.9408648,2.1711839567247564,1.3521138876095202,-38.80195024230109,20.751561346353185,1259756398.9408648,18.580377389628428,146.484375,16384,2400000.0,0.0
806,1260092215.357458,1262492215.357458,1260332215.357458,1262252215.357458,2026-07-09T22:55:19.971041+00:00,1261292215.357458,2.1021509289814775,1.2531719470907263,-41.89246826070644,18.33839417161758,1261292215.357458,16.236243242636103,146.484375,16384,2400000.0,0.0
807,1261628031.7740512,1264028031.7740512,1261868031.7740512,1263788031.7740512,2026-07-09T22:55:20.027783+00:00,1262828031.7740512,1.9431611792609869,1.068002548497096,-42.089253836177846,20.627647844652877,1262828031.7740512,18.68448666539189,146.484375,16384,2400000.0,0.0
808,1263163848.1906443,1265563848.1906443,1263403848.1906443,1265323848.1906443,2026-07-09T22:55:20.085360+00:00,1264363848.1906443,2.12134504942319,1.3112245687237354,-37.94350738516064,17.100031322032947,1264363848.1906443,14.978686272609757,146.484375,16384,2400000.0,0.0
809,1264699664.6072373,1267099664.6072373,1264939664.6072373,1266859664.6072373,2026-07-09T22:55:20.142039+00:00,1265899664.6072373,2.3204620383209438,1.4403907335390387,-33.157684128413166,23.489876267584606,1266677496.6384873,21.169414229263662,146.484375,16384,2400000.0,0.0
810,1266235481.0238304,1268635481.0238304,1266475481.0238304,1268395481.0238304,2026-07-09T22:55:20.198732+00:00,1267435481.0238304,2.2826149289532305,1.4392797009065816,-44.076813494771734,38.30539448407968,1267199934.1488304,36.02277955512645,146.484375,16384,2400000.0,0.0
811,1267771297.4404235,1270171297.4404235,1268011297.4404235,1269931297.4404235,2026-07-09T22:55:20.254924+00:00,1268971297.4404235,2.125536992358196,1.2333761473500586,-41.943971738661844,17.605286864435744,1268971297.4404235,15.479749872077548,146.484375,16384,2400000.0,0.0
812,1269307113.8570168,1271707113.8570168,1269547113.8570168,1271467113.8570168,2026-07-09T22:55:20.310930+00:00,1270507113.8570168,1.9370931070927726,1.0881287387613208,-35.842152417984636,20.377021625229848,1270507113.8570168,18.439928518137076,146.484375,16384,2400000.0,0.0
813,1270842930.2736099,1273242930.2736099,1271082930.2736099,1273002930.2736099,2026-07-09T22:55:20.368887+00:00,1272042930.2736099,1.823279878270601,0.98107947267446,-42.241129933232315,18.768010331935876,1272042930.2736099,16.944730453665276,146.484375,16384,2400000.0,0.0
814,1272378746.690203,1274778746.690203,1272618746.690203,1274538746.690203,2026-07-09T22:55:20.428316+00:00,1273578746.690203,1.8545240580744289,0.9531311032728889,-35.80443630436363,20.045650857384302,1273578746.690203,18.191126799309874,146.484375,16384,2400000.0,0.0
815,1273914563.106796,1276314563.106796,1274154563.106796,1276074563.106796,2026-07-09T22:55:20.486921+00:00,1275114563.106796,2.002259651767365,1.0863023262438403,-43.36162178335818,17.895297054691447,1275114563.106796,15.893037402924083,146.484375,16384,2400000.0,0.0
816,1275450379.523389,1277850379.523389,1275690379.523389,1277610379.523389,2026-07-09T22:55:20.544251+00:00,1276650379.523389,2.146208634464275,1.241144734344642,-38.68615868755362,19.714889038245627,1276650379.523389,17.56868040378135,146.484375,16384,2400000.0,0.0
817,1276986195.9399822,1279386195.9399822,1277226195.9399822,1279146195.9399822,2026-07-09T22:55:20.600530+00:00,1278186195.9399822,2.0787223277258224,1.220179488570507,-32.38930060019338,19.77636397341326,1278186195.9399822,17.69764164568744,146.484375,16384,2400000.0,0.0
818,1278522012.3565755,1280922012.3565755,1278762012.3565755,1280682012.3565755,2026-07-09T22:55:20.657256+00:00,1279722012.3565755,1.8781169059054845,1.024558507090109,-47.859359806650794,19.35004942576504,1279722012.3565755,17.471932519859553,146.484375,16384,2400000.0,0.0
819,1280057828.7731686,1282457828.7731686,1280297828.7731686,1282217828.7731686,2026-07-09T22:55:20.713963+00:00,1281257828.7731686,1.9370841880829146,1.0804788605552655,-34.02351492793798,37.84997893470171,1281599723.3044186,35.9128947466188,146.484375,16384,2400000.0,0.0
820,1281593645.1897616,1283993645.1897616,1281833645.1897616,1283753645.1897616,2026-07-09T22:55:20.770849+00:00,1282793645.1897616,1.8944586386754032,1.0322850035692364,-33.811320567154674,29.140918890235895,1281600090.5022616,27.246460251560492,146.484375,16384,2400000.0,0.0
821,1283129461.6063547,1285529461.6063547,1283369461.6063547,1285289461.6063547,2026-07-09T22:55:20.827322+00:00,1284329461.6063547,2.1389449094019364,1.218361558649598,-44.049484921536546,19.79113856997026,1284329461.6063547,17.652193660568326,146.484375,16384,2400000.0,0.0
822,1284665278.0229478,1287065278.0229478,1284905278.0229478,1286825278.0229478,2026-07-09T22:55:20.883848+00:00,1285865278.0229478,2.1643901077665997,1.2943378777916499,-36.30879604371609,19.678533327915115,1286399945.9916978,17.514143220148515,146.484375,16384,2400000.0,0.0
823,1286201094.4395409,1288601094.4395409,1286441094.4395409,1288361094.4395409,2026-07-09T22:55:20.940453+00:00,1287401094.4395409,2.2246709882278717,1.3378645185995546,-32.00460878980887,20.33077638852683,1287401094.4395409,18.106105400298958,146.484375,16384,2400000.0,0.0
824,1287736910.8561342,1290136910.8561342,1287976910.8561342,1289896910.8561342,2026-07-09T22:55:20.997711+00:00,1288936910.8561342,2.224424134733809,1.3617446853431088,-34.345536237549716,21.38118831303027,1288936910.8561342,19.15676417829646,146.484375,16384,2400000.0,0.0
825,1289272727.2727273,1291672727.2727273,1289512727.2727273,1291432727.2727273,2026-07-09T22:55:21.054449+00:00,1290472727.2727273,2.19136575547265,1.3411452964761326,-47.944420874966276,19.23012735785477,1290472727.2727273,17.03876160238212,146.484375,16384,2400000.0,0.0
826,1290808543.6893203,1293208543.6893203,1291048543.6893203,1292968543.6893203,2026-07-09T22:55:21.111263+00:00,1292008543.6893203,2.3264474553981387,1.4660303724473829,-35.13187687639207,19.88795168262756,1292008543.6893203,17.56150422722942,146.484375,16384,2400000.0,0.0
827,1292344360.1059134,1294744360.1059134,1292584360.1059134,1294504360.1059134,2026-07-09T22:55:21.167842+00:00,1293544360.1059134,2.375154731845643,1.4744026311728717,-41.12742481206875,19.189513824066797,1293544360.1059134,16.814359092221153,146.484375,16384,2400000.0,0.0
828,1293880176.5225065,1296280176.5225065,1294120176.5225065,1296040176.5225065,2026-07-09T22:55:21.224534+00:00,1295080176.5225065,2.364327775932596,1.563865809168482,-36.294963603976356,41.02279216379369,1295999951.9131315,38.658464387861095,146.484375,16384,2400000.0,0.0
829,1295415992.9390998,1297815992.9390998,1295655992.9390998,1297575992.9390998,2026-07-09T22:55:21.280912+00:00,1296615992.9390998,2.6355139337081432,1.8035161913859712,-37.083361678357186,41.787534097469674,1295999879.6578498,39.152020163761534,146.484375,16384,2400000.0,0.0
830,1296951809.3556929,1299351809.3556929,1297191809.3556929,1299111809.3556929,2026-07-09T22:55:21.337860+00:00,1298151809.3556929,2.7777012824402973,1.9083502764920328,-46.54671899328009,22.084635372792864,1298151809.3556929,19.306934090352566,146.484375,16384,2400000.0,0.0
831,1298487625.772286,1300887625.772286,1298727625.772286,1300647625.772286,2026-07-09T22:55:21.397514+00:00,1299687625.772286,2.822336476491535,1.890011839971065,-33.27715848699552,19.046183488895263,1299687625.772286,16.223847012403727,146.484375,16384,2400000.0,0.0
832,1300023442.188879,1302423442.188879,1300263442.188879,1302183442.188879,2026-07-09T22:55:21.453943+00:00,1301223442.188879,2.8986099374237284,2.0296820390699892,-45.10004292282613,20.195807995775645,1301223442.188879,17.297198058351917,146.484375,16384,2400000.0,0.0
833,1301559258.605472,1303959258.605472,1301799258.605472,1303719258.605472,2026-07-09T22:55:21.510292+00:00,1302759258.605472,3.1071384072250208,2.185970005553779,-37.97823308800472,19.955313456493347,1302759258.605472,16.848175049268328,146.484375,16384,2400000.0,0.0
834,1303095075.0220652,1305495075.0220652,1303335075.0220652,1305255075.0220652,2026-07-09T22:55:21.567650+00:00,1304295075.0220652,3.0169069265275583,2.178314850407483,-37.068561992792624,21.503157031671336,1304295075.0220652,18.486250105143778,146.484375,16384,2400000.0,0.0
835,1304630891.4386585,1307030891.4386585,1304870891.4386585,1306790891.4386585,2026-07-09T22:55:21.623667+00:00,1305830891.4386585,3.131680824992368,2.24878840490253,-42.431311342334446,20.900732484242447,1305830891.4386585,17.769051659250078,146.484375,16384,2400000.0,0.0
836,1306166707.8552516,1308566707.8552516,1306406707.8552516,1308326707.8552516,2026-07-09T22:55:21.680781+00:00,1307366707.8552516,3.140825698374888,2.2685954404244653,-34.40889859796455,18.985008270056568,1307366707.8552516,15.84418257168168,146.484375,16384,2400000.0,0.0
837,1307702524.2718446,1310102524.2718446,1307942524.2718446,1309862524.2718446,2026-07-09T22:55:21.738977+00:00,1308902524.2718446,3.4588723184818386,2.5817579637571955,-31.244111162475367,31.257837095979056,1309877817.2405946,27.79896477749722,146.484375,16384,2400000.0,0.0
838,1309238340.6884377,1311638340.6884377,1309478340.6884377,1311398340.6884377,2026-07-09T22:55:21.795369+00:00,1310438340.6884377,3.0751562174003544,2.220114501637556,-33.79195284227399,43.45671157697961,1310400108.2665627,40.38155535957925,146.484375,16384,2400000.0,0.0
839,1310774157.1050308,1313174157.1050308,1311014157.1050308,1312934157.1050308,2026-07-09T22:55:21.852440+00:00,1311974157.1050308,3.520206995092039,2.6277587481205655,-42.36209054192247,27.86967375871276,1310922252.8081558,24.349466763620722,146.484375,16384,2400000.0,0.0
840,1312309973.5216238,1314709973.5216238,1312549973.5216238,1314469973.5216238,2026-07-09T22:55:21.908975+00:00,1313509973.5216238,3.7253878186771545,2.796296322100602,-37.742281298751685,19.042742487643164,1313509973.5216238,15.31735466896601,146.484375,16384,2400000.0,0.0
841,1313845789.9382172,1316245789.9382172,1314085789.9382172,1316005789.9382172,2026-07-09T22:55:21.965840+00:00,1315045789.9382172,3.848160333608993,2.9622415653818424,-49.95879292702779,21.69230074931513,1315045789.9382172,17.844140415706136,146.484375,16384,2400000.0,0.0
842,1315381606.3548102,1317781606.3548102,1315621606.3548102,1317541606.3548102,2026-07-09T22:55:22.023240+00:00,1316581606.3548102,4.260149527569562,3.4009214096914797,-38.8918541429106,21.527297692452333,1316581606.3548102,17.26714816488277,146.484375,16384,2400000.0,0.0
843,1316917422.7714033,1319317422.7714033,1317157422.7714033,1319077422.7714033,2026-07-09T22:55:22.081784+00:00,1318117422.7714033,4.191894904723392,3.3519522973549334,-38.68977006086798,19.915119833172273,1318117422.7714033,15.723224928448882,146.484375,16384,2400000.0,0.0
844,1318453239.1879964,1320853239.1879964,1318693239.1879964,1320613239.1879964,2026-07-09T22:55:22.140717+00:00,1319653239.1879964,4.414693472430841,3.638589096528234,-42.713364225204316,26.304482232700334,1320016227.4692464,21.889788760269493,146.484375,16384,2400000.0,0.0
845,1319989055.6045895,1322389055.6045895,1320229055.6045895,1322149055.6045895,2026-07-09T22:55:22.199333+00:00,1321189055.6045895,4.380906256967409,3.502528975029003,-38.341338416184826,20.37243770806011,1320575872.0108395,15.991531451092703,146.484375,16384,2400000.0,0.0
846,1321524872.0211825,1323924872.0211825,1321764872.0211825,1323684872.0211825,2026-07-09T22:55:22.257082+00:00,1322724872.0211825,3.9081111936000026,2.9768308990901566,-37.00349808550135,19.710413235667676,1322724872.0211825,15.802302042067673,146.484375,16384,2400000.0,0.0
847,1323060688.4377759,1325460688.4377759,1323300688.4377759,1325220688.4377759,2026-07-09T22:55:22.316442+00:00,1324260688.4377759,3.5117162362104732,2.6489078444682885,-37.7147878184949,46.998850925175155,1324799897.4221509,43.48713468896468,146.484375,16384,2400000.0,0.0
848,1324596504.854369,1326996504.854369,1324836504.854369,1326756504.854369,2026-07-09T22:55:22.375238+00:00,1325796504.854369,3.7753843866388848,2.9183792173117533,-36.00851210032373,44.6817041558368,1324799825.166869,40.906319769197914,146.484375,16384,2400000.0,0.0
849,1326132321.270962,1328532321.270962,1326372321.270962,1328292321.270962,2026-07-09T22:55:22.434130+00:00,1327332321.270962,3.589613465106826,2.7701578844515673,-36.47426718226453,21.64566987975029,1327332321.270962,18.056056414643464,146.484375,16384,2400000.0,0.0
850,1327668137.687555,1330068137.687555,1327908137.687555,1329828137.687555,2026-07-09T22:55:22.492535+00:00,1328868137.687555,3.55026407647458,2.683153941693724,-48.91788865377593,19.493763905398474,1328868137.687555,15.943499828923894,146.484375,16384,2400000.0,0.0
851,1329203954.1041481,1331603954.1041481,1329443954.1041481,1331363954.1041481,2026-07-09T22:55:22.550693+00:00,1330403954.1041481,3.2961732952853557,2.435434003655618,-33.46104209059729,18.447879249514735,1330403954.1041481,15.151705954229378,146.484375,16384,2400000.0,0.0
852,1330739770.5207412,1333139770.5207412,1330979770.5207412,1332899770.5207412,2026-07-09T22:55:22.609681+00:00,1331939770.5207412,2.9222164754452917,2.0698139915362943,-47.764538226415006,18.134542197391475,1331939770.5207412,15.212325721946183,146.484375,16384,2400000.0,0.0
853,1332275586.9373345,1334675586.9373345,1332515586.9373345,1334435586.9373345,2026-07-09T22:55:22.667964+00:00,1333475586.9373345,2.7140277968498268,1.7854572229265793,-37.71216980286988,19.715026400193548,1333475586.9373345,17.00099860334372,146.484375,16384,2400000.0,0.0
854,1333811403.3539276,1336211403.3539276,1334051403.3539276,1335971403.3539276,2026-07-09T22:55:22.725403+00:00,1335011403.3539276,2.6831897436216687,1.7928013406868895,-49.63293551190506,18.61249840204382,1335011403.3539276,15.929308658422151,146.484375,16384,2400000.0,0.0
855,1335347219.7705207,1337747219.7705207,1335587219.7705207,1337507219.7705207,2026-07-09T22:55:22.781879+00:00,1336547219.7705207,2.5541211486600126,1.6965310471566903,-32.81769070039368,22.286987544716904,1336547219.7705207,19.73286639605689,146.484375,16384,2400000.0,0.0
856,1336883036.1871138,1339283036.1871138,1337123036.1871138,1339043036.1871138,2026-07-09T22:55:22.842321+00:00,1338083036.1871138,2.9904651158669173,2.1562855434328503,-40.61971110375726,39.271739663874506,1339200126.0308638,36.28127454800759,146.484375,16384,2400000.0,0.0
857,1338418852.6037068,1340818852.6037068,1338658852.6037068,1340578852.6037068,2026-07-09T22:55:22.899126+00:00,1339618852.6037068,2.7558177137574846,1.9239033374938312,-35.40119313316783,42.76347471052696,1339200053.7755818,40.00765699676947,146.484375,16384,2400000.0,0.0
858,1339954669.0203,1342354669.0203,1340194669.0203,1342114669.0203,2026-07-09T22:55:22.955692+00:00,1341154669.0203,2.333359887328543,1.4665432175903603,-42.56910777726746,20.200647916889164,1341154669.0203,17.86728802956062,146.484375,16384,2400000.0,0.0
859,1341490485.4368932,1343890485.4368932,1341730485.4368932,1343650485.4368932,2026-07-09T22:55:23.013269+00:00,1342690485.4368932,2.070756323755098,1.1815374166946522,-40.828060949005746,17.872453361893736,1342690485.4368932,15.801697038138638,146.484375,16384,2400000.0,0.0
860,1343026301.8534863,1345426301.8534863,1343266301.8534863,1345186301.8534863,2026-07-09T22:55:23.071556+00:00,1344226301.8534863,2.1705042140946276,1.2604394426056438,-37.6648448427686,18.266775943794297,1344226301.8534863,16.09627172969967,146.484375,16384,2400000.0,0.0
861,1344562118.2700794,1346962118.2700794,1344802118.2700794,1346722118.2700794,2026-07-09T22:55:23.130409+00:00,1345762118.2700794,2.3955036277304176,1.4906335418639758,-37.420260037099816,19.77683027838663,1345762118.2700794,17.381326650656213,146.484375,16384,2400000.0,0.0
862,1346097934.6866724,1348497934.6866724,1346337934.6866724,1348257934.6866724,2026-07-09T22:55:23.188535+00:00,1347297934.6866724,2.532646965720005,1.6372956827120329,-38.797868012467276,18.77520479891678,1347297934.6866724,16.242557833196773,146.484375,16384,2400000.0,0.0
863,1347633751.1032655,1350033751.1032655,1347873751.1032655,1349793751.1032655,2026-07-09T22:55:23.248696+00:00,1348833751.1032655,2.3740397885597293,1.532913686703399,-41.335367462900805,19.44641591589557,1348800059.6970155,17.072376127335843,146.484375,16384,2400000.0,0.0
864,1349169567.5198586,1351569567.5198586,1349409567.5198586,1351329567.5198586,2026-07-09T22:55:23.307347+00:00,1350369567.5198586,2.1790170039606376,1.2904862272497404,-36.10497799119545,18.41604333930808,1350369567.5198586,16.23702633534744,146.484375,16384,2400000.0,0.0
865,1350705383.936452,1353105383.936452,1350945383.936452,1352865383.936452,2026-07-09T22:55:23.366442+00:00,1351905383.936452,2.0603761792967776,1.1726430484482768,-42.40928875434162,23.171940186804107,1353077991.358327,21.11156400750733,146.484375,16384,2400000.0,0.0
866,1352241200.353045,1354641200.353045,1352481200.353045,1354401200.353045,2026-07-09T22:55:23.425725+00:00,1353441200.353045,2.4487564722697157,1.5211958893528337,-36.30009452868179,41.152587822257026,1353599842.93117,38.70383134998731,146.484375,16384,2400000.0,0.0
867,1353777016.769638,1356177016.769638,1354017016.769638,1355937016.769638,2026-07-09T22:55:23.484463+00:00,1354977016.769638,1.8634744264779275,1.031233905150278,-41.38937347989127,24.442940341611745,1354122280.441513,22.579465915133817,146.484375,16384,2400000.0,0.0
868,1355312833.1862311,1357712833.1862311,1355552833.1862311,1357472833.1862311,2026-07-09T22:55:23.542497+00:00,1356512833.1862311,1.7953852136135913,0.929767239081432,-41.8782550607338,19.133874981620508,1356512833.1862311,17.338489768006916,146.484375,16384,2400000.0,0.0
869,1356848649.6028242,1359248649.6028242,1357088649.6028242,1359008649.6028242,2026-07-09T22:55:23.600419+00:00,1358048649.6028242,1.6934608494535162,0.8368850745863914,-42.64505976404813,19.857086126077867,1358400065.6184492,18.16362527662435,146.484375,16384,2400000.0,0.0
870,1358384466.0194175,1360784466.0194175,1358624466.0194175,1360544466.0194175,2026-07-09T22:55:23.659362+00:00,1359584466.0194175,1.769866926226214,0.8951772012766508,-41.50885338722258,17.339609074445054,1359584466.0194175,15.56974214821884,146.484375,16384,2400000.0,0.0
871,1359920282.4360106,1362320282.4360106,1360160282.4360106,1362080282.4360106,2026-07-09T22:55:23.717475+00:00,1361120282.4360106,1.5242090229611651,0.6662178646589245,-42.515928128365786,19.486300662958385,1361120282.4360106,17.96209163999722,146.484375,16384,2400000.0,0.0
872,1361456098.8526037,1363856098.8526037,1361696098.8526037,1363616098.8526037,2026-07-09T22:55:23.774483+00:00,1362656098.8526037,1.4774975992646766,0.6406543092833863,-32.14508357424636,20.133325306874546,1362656098.8526037,18.65582770760987,146.484375,16384,2400000.0,0.0
873,1362991915.2691967,1365391915.2691967,1363231915.2691967,1365151915.2691967,2026-07-09T22:55:23.832808+00:00,1364191915.2691967,1.3794790698744288,0.5136973776936029,-46.93768189799041,19.556368058278935,1364191915.2691967,18.176888988404507,146.484375,16384,2400000.0,0.0
874,1364527731.6857898,1366927731.6857898,1364767731.6857898,1366687731.6857898,2026-07-09T22:55:23.891760+00:00,1365727731.6857898,1.4348854558017088,0.5633991481036973,-44.235187853934484,18.484852791637124,1365727731.6857898,17.049967335835415,146.484375,16384,2400000.0,0.0
875,1366063548.102383,1368463548.102383,1366303548.102383,1368223548.102383,2026-07-09T22:55:23.950820+00:00,1367263548.102383,1.3796817317116727,0.5769877657353837,-38.95033410347265,36.931959412958,1368000071.539883,35.55227768124633,146.484375,16384,2400000.0,0.0
876,1367599364.5189762,1369999364.5189762,1367839364.5189762,1369759364.5189762,2026-07-09T22:55:24.008838+00:00,1368799364.5189762,1.414741569757601,0.593703065861777,-42.360061035680296,36.68818531115581,1367999999.2846012,35.27344374139821,146.484375,16384,2400000.0,0.0
877,1369135180.9355693,1371535180.9355693,1369375180.9355693,1371295180.9355693,2026-07-09T22:55:24.068559+00:00,1370335180.9355693,1.4327553948733165,0.5669359557224805,-45.81212765205288,16.836420541785763,1370335180.9355693,15.403665146912447,146.484375,16384,2400000.0,0.0
878,1370670997.3521624,1373070997.3521624,1370910997.3521624,1372830997.3521624,2026-07-09T22:55:24.127513+00:00,1371870997.3521624,1.315554602268389,0.4170558244244145,-45.057133450328436,18.398379279962672,1371870997.3521624,17.082824677694283,146.484375,16384,2400000.0,0.0
879,1372206813.7687554,1374606813.7687554,1372446813.7687554,1374366813.7687554,2026-07-09T22:55:24.187374+00:00,1373406813.7687554,1.5034324719031698,0.6933878197993982,-42.91672142965521,21.272548283631405,1373406813.7687554,19.769115811728234,146.484375,16384,2400000.0,0.0
880,1373742630.1853485,1376142630.1853485,1373982630.1853485,1375902630.1853485,2026-07-09T22:55:24.245521+00:00,1374942630.1853485,1.5615826845814538,0.5973753383665339,-38.46221897144559,17.857918168208705,1374942630.1853485,16.296335483627253,146.484375,16384,2400000.0,0.0
881,1375278446.6019416,1377678446.6019416,1375518446.6019416,1377438446.6019416,2026-07-09T22:55:24.304493+00:00,1376478446.6019416,1.5525171247414682,0.6732940716230427,-33.416220287591166,20.361821087663394,1376478446.6019416,18.809303962921927,146.484375,16384,2400000.0,0.0
882,1376814263.018535,1379214263.018535,1377054263.018535,1378974263.018535,2026-07-09T22:55:24.362654+00:00,1378014263.018535,1.653715127676931,0.7488760183828005,-33.45423741075464,19.505301881080868,1378014263.018535,17.851586753403936,146.484375,16384,2400000.0,0.0
883,1378350079.435128,1380750079.435128,1378590079.435128,1380510079.435128,2026-07-09T22:55:24.422248+00:00,1379550079.435128,1.6106360202890062,0.7044958990329234,-36.91304038377233,24.51583771428553,1379999932.950753,22.905201693996524,146.484375,16384,2400000.0,0.0
884,1379885895.851721,1382285895.851721,1380125895.851721,1382045895.851721,2026-07-09T22:55:24.479448+00:00,1381085895.851721,1.583934136550179,0.739776558117497,-39.1112251488077,23.36348678273932,1381877057.961096,21.77955264618914,146.484375,16384,2400000.0,0.0
885,1381421712.2683141,1383821712.2683141,1381661712.2683141,1383581712.2683141,2026-07-09T22:55:24.536145+00:00,1382621712.2683141,1.4159108872608301,0.5784432598969973,-39.10613889750122,29.319910615489967,1382399788.4401891,27.903999728229138,146.484375,16384,2400000.0,0.0
886,1382957528.6849072,1385357528.6849072,1383197528.6849072,1385117528.6849072,2026-07-09T22:55:24.592570+00:00,1384157528.6849072,1.24129245159688,0.4408701278818595,-41.65565040829074,19.674633093930783,1384157528.6849072,18.433340642333903,146.484375,16384,2400000.0,0.0
887,1384493345.1015003,1386893345.1015003,1384733345.1015003,1386653345.1015003,2026-07-09T22:55:24.649457+00:00,1385693345.1015003,1.3437874739721094,0.5019405969020849,-40.09716932974062,18.797852994600103,1385693345.1015003,17.454065520627992,146.484375,16384,2400000.0,0.0
888,1386029161.5180936,1388429161.5180936,1386269161.5180936,1388189161.5180936,2026-07-09T22:55:24.706601+00:00,1387229161.5180936,1.461048786551972,0.521026215784702,-42.14281553699785,18.299000161527477,1387229161.5180936,16.837951374975503,146.484375,16384,2400000.0,0.0
889,1387564977.9346867,1389964977.9346867,1387804977.9346867,1389724977.9346867,2026-07-09T22:55:24.763932+00:00,1388764977.9346867,1.1842351399624895,0.3373591704446819,-35.97820649467435,18.867378581735,1388764977.9346867,17.68314344177251,146.484375,16384,2400000.0,0.0
890,1389100794.3512797,1391500794.3512797,1389340794.3512797,1391260794.3512797,2026-07-09T22:55:24.822397+00:00,1390300794.3512797,1.3695221291534247,0.47105330888511177,-42.31106593755304,17.9334184156775,1390300794.3512797,16.563896286524077,146.484375,16384,2400000.0,0.0
891,1390636610.7678728,1393036610.7678728,1390876610.7678728,1392796610.7678728,2026-07-09T22:55:24.881396+00:00,1391836610.7678728,1.3689390338506748,0.5434963026698536,-40.93559850073259,19.679349760168147,1391836610.7678728,18.31041072631747,146.484375,16384,2400000.0,0.0
892,1392172427.184466,1394572427.184466,1392412427.184466,1394332427.184466,2026-07-09T22:55:24.938724+00:00,1393372427.184466,1.5214174689129054,0.5873556349887215,-47.11913468202438,21.4216374993779,1393372427.184466,19.900220030464997,146.484375,16384,2400000.0,0.0
893,1393708243.601059,1396108243.601059,1393948243.601059,1395868243.601059,2026-07-09T22:55:24.995568+00:00,1394908243.601059,1.3253892399256593,0.45967456202720924,-31.51004977965998,18.921331799793666,1394908243.601059,17.595942559868007,146.484375,16384,2400000.0,0.0
894,1395244060.0176523,1397644060.0176523,1395484060.0176523,1397404060.0176523,2026-07-09T22:55:25.052714+00:00,1396444060.0176523,1.4630981025039285,0.5868072638385343,-35.993617749462345,37.15317471275913,1396800017.0489023,35.690076610255204,146.484375,16384,2400000.0,0.0
895,1396779876.4342453,1399179876.4342453,1397019876.4342453,1398939876.4342453,2026-07-09T22:55:25.109513+00:00,1397979876.4342453,1.5380799140375845,0.6489038768070019,-42.06725747673309,29.260007330248023,1396799944.7936203,27.721927416210438,146.484375,16384,2400000.0,0.0
896,1398315692.8508384,1400715692.8508384,1398555692.8508384,1400475692.8508384,2026-07-09T22:55:25.166270+00:00,1399515692.8508384,1.4502702944437982,0.5773395556749435,-40.5738711869533,19.51225085490223,1399515692.8508384,18.061980560458434,146.484375,16384,2400000.0,0.0
897,1399851509.2674315,1402251509.2674315,1400091509.2674315,1402011509.2674315,2026-07-09T22:55:25.223243+00:00,1401051509.2674315,1.6196084822701453,0.7480332318353706,-37.52675922747465,20.47309210872315,1401599800.2830565,18.853483626453006,146.484375,16384,2400000.0,0.0
898,1401387325.6840246,1403787325.6840246,1401627325.6840246,1403547325.6840246,2026-07-09T22:55:25.279949+00:00,1402587325.6840246,1.8620344091368661,0.9721750156233374,-48.149328413084746,19.585010834072264,1402587325.6840246,17.722976424935396,146.484375,16384,2400000.0,0.0
899,1402923142.1006176,1405323142.1006176,1403163142.1006176,1405083142.1006176,2026-07-09T22:55:25.338779+00:00,1404123142.1006176,1.8660340589818185,0.9215706407503124,-40.48179318207331,18.446444318529544,1404123142.1006176,16.580410259547726,146.484375,16384,2400000.0,0.0
900,1404458958.517211,1406858958.517211,1404698958.517211,1406618958.517211,2026-07-09T22:55:25.397434+00:00,1405658958.517211,2.079155006477763,1.2051521925545041,-39.01918583788919,19.17882702243718,1405658958.517211,17.099672015959417,146.484375,16384,2400000.0,0.0
901,1405994774.933804,1408394774.933804,1406234774.933804,1408154774.933804,2026-07-09T22:55:25.456518+00:00,1407194774.933804,2.094665029776448,1.209323558734004,-33.69823506918063,21.209975479691074,1406399950.715054,19.115310449914627,146.484375,16384,2400000.0,0.0
902,1407530591.350397,1409930591.350397,1407770591.350397,1409690591.350397,2026-07-09T22:55:25.514307+00:00,1408730591.350397,2.022535774768966,1.2256729047861419,-41.66297080052558,18.30918076204977,1408730591.350397,16.286644987280805,146.484375,16384,2400000.0,0.0
903,1409066407.7669902,1411466407.7669902,1409306407.7669902,1411226407.7669902,2026-07-09T22:55:25.573274+00:00,1410266407.7669902,2.182010358375117,1.2196755708246427,-38.16101866487003,32.61178665774368,1411199806.2044902,30.429776299368562,146.484375,16384,2400000.0,0.0
904,1410602224.1835833,1413002224.1835833,1410842224.1835833,1412762224.1835833,2026-07-09T22:55:25.631086+00:00,1411802224.1835833,2.073356294719426,1.1797618102254954,-39.72561027147337,32.675165547019766,1411199733.9492083,30.60180925230034,146.484375,16384,2400000.0,0.0
905,1412138040.6001763,1414538040.6001763,1412378040.6001763,1414298040.6001763,2026-07-09T22:55:25.689633+00:00,1413338040.6001763,2.207505142866821,1.3080636022691872,-33.77759069828515,20.092236627617822,1413338040.6001763,17.884731484751,146.484375,16384,2400000.0,0.0
906,1413673857.0167696,1416073857.0167696,1413913857.0167696,1415833857.0167696,2026-07-09T22:55:25.747829+00:00,1414873857.0167696,2.2249713109225704,1.342152670770269,-48.31046047258532,19.66448060914269,1414873857.0167696,17.43950929822012,146.484375,16384,2400000.0,0.0
907,1415209673.4333627,1417609673.4333627,1415449673.4333627,1417369673.4333627,2026-07-09T22:55:25.806709+00:00,1416409673.4333627,2.189469386741794,1.3219386365892483,-45.44392986021836,20.36366266282835,1416409673.4333627,18.174193276086555,146.484375,16384,2400000.0,0.0
908,1416745489.8499558,1419145489.8499558,1416985489.8499558,1418905489.8499558,2026-07-09T22:55:25.864315+00:00,1417945489.8499558,2.3478520283613076,1.48132881396682,-40.31266957968786,19.06741972342183,1417945489.8499558,16.71956769506052,146.484375,16384,2400000.0,0.0
909,1418281306.2665489,1420681306.2665489,1418521306.2665489,1420441306.2665489,2026-07-09T22:55:25.920961+00:00,1419481306.2665489,2.5239153675418313,1.6749207150274459,-38.520265341220956,21.11767910254091,1419481306.2665489,18.59376373499908,146.484375,16384,2400000.0,0.0
910,1419817122.683142,1422217122.683142,1420057122.683142,1421977122.683142,2026-07-09T22:55:25.977890+00:00,1421017122.683142,2.744744101586263,1.8196543467941608,-41.22854168812944,18.449857364713424,1420799593.386267,15.70511326312716,146.484375,16384,2400000.0,0.0
911,1421352939.0997353,1423752939.0997353,1421592939.0997353,1423512939.0997353,2026-07-09T22:55:26.034779+00:00,1422552939.0997353,2.980159315602612,2.0513148547575755,-37.15799858988742,19.596919477936307,1422552939.0997353,16.616760162333694,146.484375,16384,2400000.0,0.0
912,1422888755.5163283,1425288755.5163283,1423128755.5163283,1425048755.5163283,2026-07-09T22:55:26.091989+00:00,1424088755.5163283,3.2937472497257914,2.382517889622598,-35.55428125604783,26.696871742038525,1425077378.5632033,23.403124492312735,146.484375,16384,2400000.0,0.0
913,1424424571.9329214,1426824571.9329214,1424664571.9329214,1426584571.9329214,2026-07-09T22:55:26.149234+00:00,1425624571.9329214,3.37197852776339,2.510458109249445,-35.2583517666278,38.90175367890908,1425599962.5579214,35.52977515114569,146.484375,16384,2400000.0,0.0
914,1425960388.3495145,1428360388.3495145,1426200388.3495145,1428120388.3495145,2026-07-09T22:55:26.208063+00:00,1427160388.3495145,3.5834504055535,2.721915654405226,-36.9161833965877,21.13136230915384,1427160388.3495145,17.54791190360034,146.484375,16384,2400000.0,0.0
915,1427496204.7661076,1429896204.7661076,1427736204.7661076,1429656204.7661076,2026-07-09T22:55:26.266753+00:00,1428696204.7661076,3.514539407957516,2.6435593928645886,-41.69923208223753,18.316454328343962,1428696204.7661076,14.801914920386446,146.484375,16384,2400000.0,0.0
916,1429032021.1827006,1431432021.1827006,1429272021.1827006,1431192021.1827006,2026-07-09T22:55:26.325498+00:00,1430232021.1827006,3.591247425167479,2.7300068864482343,-33.88085494818049,18.847994033171542,1430232021.1827006,15.256746608004063,146.484375,16384,2400000.0,0.0
917,1430567837.599294,1432967837.599294,1430807837.599294,1432727837.599294,2026-07-09T22:55:26.383780+00:00,1431767837.599294,3.425144033619021,2.5514836877400624,-44.616265569229256,20.64105830829629,1431767837.599294,17.21591427467727,146.484375,16384,2400000.0,0.0
918,1432103654.015887,1434503654.015887,1432343654.015887,1434263654.015887,2026-07-09T22:55:26.441479+00:00,1433303654.015887,3.7907748616209043,2.9241100754323908,-40.98169049413502,20.894439223106403,1433303654.015887,17.1036643614855,146.484375,16384,2400000.0,0.0
919,1433639470.43248,1436039470.43248,1433879470.43248,1435799470.43248,2026-07-09T22:55:26.497847+00:00,1434839470.43248,4.870626177168454,4.02603513253503,-34.61724350498712,23.331939397453446,1435199968.479355,18.461313220284993,146.484375,16384,2400000.0,0.0
920,1435175286.8490732,1437575286.8490732,1435415286.8490732,1437335286.8490732,2026-07-09T22:55:26.554290+00:00,1436375286.8490732,5.539657686040075,4.945510087689467,-43.936764943943075,28.88410600174533,1437135833.7240732,23.344448315705257,146.484375,16384,2400000.0,0.0
921,1436711103.2656662,1439111103.2656662,1436951103.2656662,1438871103.2656662,2026-07-09T22:55:26.611749+00:00,1437911103.2656662,6.757673091259571,6.245153126079323,-33.10975085632413,36.16348720381812,1438863837.6406662,29.405814112558552,146.484375,16384,2400000.0,0.0
922,1438246919.6822593,1440646919.6822593,1438486919.6822593,1440406919.6822593,2026-07-09T22:55:26.668410+00:00,1439446919.6822593,12.387215722864182,12.161667350681764,-30.123016638850537,48.277782646635174,1440025239.9947593,35.89056692377099,146.484375,16384,2400000.0,0.0
923,1439782736.0988526,1442182736.0988526,1440022736.0988526,1441942736.0988526,2026-07-09T22:55:26.726313+00:00,1440982736.0988526,11.903143475315876,11.750037589212095,-36.22706274303697,46.68651073889307,1440025607.1926026,34.78336726357719,146.484375,16384,2400000.0,0.0
924,1441318552.5154457,1443718552.5154457,1441558552.5154457,1443478552.5154457,2026-07-09T22:55:26.784162+00:00,1442518552.5154457,9.776144940661364,9.570609921818564,-30.075935987220987,36.077273776559686,1441712009.5466957,26.30112883589832,146.484375,16384,2400000.0,0.0
925,1442854368.9320388,1445254368.9320388,1443094368.9320388,1445014368.9320388,2026-07-09T22:55:26.841848+00:00,1444054368.9320388,10.857232586350278,10.672537700483103,-37.77582218829986,33.46306602562406,1443391966.5882888,22.60583343927378,146.484375,16384,2400000.0,0.0
926,1444390185.3486319,1446790185.3486319,1444630185.3486319,1446550185.3486319,2026-07-09T22:55:26.899174+00:00,1445590185.3486319,11.600436728476431,11.281703913023904,-44.589820825368875,32.97266007668574,1445087890.4267569,21.37222334820931,146.484375,16384,2400000.0,0.0
927,1445926001.765225,1448326001.765225,1446166001.765225,1448086001.765225,2026-07-09T22:55:26.955932+00:00,1447126001.765225,11.854815429511483,11.305459724244336,-42.0297692488886,31.810236812120266,1447439917.78085,19.955421382608783,146.484375,16384,2400000.0,0.0
928,1447461818.181818,1449861818.181818,1447701818.181818,1449621818.181818,2026-07-09T22:55:27.013518+00:00,1448661818.181818,11.946455954319152,11.372595808891774,-28.059845701638046,28.995786522996838,1447911671.697443,17.049330568677686,146.484375,16384,2400000.0,0.0
929,1448997634.5984113,1451397634.5984113,1449237634.5984113,1451157634.5984113,2026-07-09T22:55:27.070385+00:00,1450197634.5984113,11.66891999325765,10.93833145868844,-29.956711415124353,28.09959808803978,1449600124.8327863,16.43067809478213,146.484375,16384,2400000.0,0.0
930,1450533451.0150044,1452933451.0150044,1450773451.0150044,1452693451.0150044,2026-07-09T22:55:27.127377+00:00,1451733451.0150044,9.994372880841505,9.344709170936456,-35.61651197749665,26.425057159719138,1450868900.2337544,16.430684278877635,146.484375,16384,2400000.0,0.0
931,1452069267.4315975,1454469267.4315975,1452309267.4315975,1454229267.4315975,2026-07-09T22:55:27.185757+00:00,1453269267.4315975,8.380862057247713,7.585566411021281,-34.45097988859226,35.015500158732095,1454399980.3222225,26.634638101484384,146.484375,16384,2400000.0,0.0
932,1453605083.8481905,1456005083.8481905,1453845083.8481905,1455765083.8481905,2026-07-09T22:55:27.245399+00:00,1454805083.8481905,6.85894156912529,6.153921828557543,-35.44860830166446,38.964291262875534,1454399908.0669405,32.10534969375024,146.484375,16384,2400000.0,0.0
933,1455140900.2647836,1457540900.2647836,1455380900.2647836,1457300900.2647836,2026-07-09T22:55:27.303109+00:00,1456340900.2647836,5.810927274924817,4.964919829866179,-40.211526740583466,21.41832392918111,1455430206.9054086,15.607396654256293,146.484375,16384,2400000.0,0.0
934,1456676716.6813767,1459076716.6813767,1456916716.6813767,1458836716.6813767,2026-07-09T22:55:27.359640+00:00,1457876716.6813767,5.295306452281294,4.477696608300542,-36.17715404370658,18.552745189720795,1458059236.2126267,13.2574387374395,146.484375,16384,2400000.0,0.0
935,1458212533.09797,1460612533.09797,1458452533.09797,1460372533.09797,2026-07-09T22:55:27.416410+00:00,1459412533.09797,4.787618468417831,3.9717979387613696,-31.362711997575726,19.3709319224092,1459447249.894845,14.583313453991368,146.484375,16384,2400000.0,0.0
936,1459748349.514563,1462148349.514563,1459988349.514563,1461908349.514563,2026-07-09T22:55:27.473468+00:00,1460948349.514563,4.547060918333727,3.7693068826300102,-39.94948724066188,19.190122199877486,1460948349.514563,14.643061281543758,146.484375,16384,2400000.0,0.0
937,1461284165.9311562,1463684165.9311562,1461524165.9311562,1463444165.9311562,2026-07-09T22:55:27.530358+00:00,1462484165.9311562,3.6918928318593096,2.8459486477336817,-43.35480180078298,17.415926695561048,1462484165.9311562,13.724033863701738,146.484375,16384,2400000.0,0.0
938,1462819982.3477492,1465219982.3477492,1463059982.3477492,1464979982.3477492,2026-07-09T22:55:27.589436+00:00,1464019982.3477492,3.207491283183894,2.3276156427534302,-38.161488678128535,21.982365098788247,1463999913.9883742,18.77487381560435,146.484375,16384,2400000.0,0.0
939,1464355798.7643423,1466755798.7643423,1464595798.7643423,1466515798.7643423,2026-07-09T22:55:27.647502+00:00,1465555798.7643423,3.0873436566090433,2.1666469686607277,-40.224914703876195,19.305449853252686,1465555798.7643423,16.218106196643642,146.484375,16384,2400000.0,0.0
940,1465891615.1809354,1468291615.1809354,1466131615.1809354,1468051615.1809354,2026-07-09T22:55:27.704319+00:00,1467091615.1809354,2.948370377919817,2.1005009847842055,-36.57270564245574,18.677235246794837,1467091615.1809354,15.72886486887502,146.484375,16384,2400000.0,0.0
941,1467427431.5975287,1469827431.5975287,1467667431.5975287,1469587431.5975287,2026-07-09T22:55:27.760814+00:00,1468627431.5975287,3.300604051112021,2.410398139979212,-34.349740934539874,35.68546388159276,1468800136.6756537,32.384859830480735,146.484375,16384,2400000.0,0.0
942,1468963248.0141218,1471363248.0141218,1469203248.0141218,1471123248.0141218,2026-07-09T22:55:27.817186+00:00,1470163248.0141218,3.020185876689331,2.2277559491700254,-55.5593518799489,21.697439388680554,1469322281.2172468,18.67725351199122,146.484375,16384,2400000.0,0.0
943,1470499064.4307148,1472899064.4307148,1470739064.4307148,1472659064.4307148,2026-07-09T22:55:27.874903+00:00,1471699064.4307148,2.7276237074782816,1.8771481731120556,-42.94732934089378,19.423901449236006,1471699064.4307148,16.696277741757726,146.484375,16384,2400000.0,0.0
944,1472034880.847308,1474434880.847308,1472274880.847308,1474194880.847308,2026-07-09T22:55:27.931961+00:00,1473234880.847308,2.2230821955600812,1.3462618605490568,-42.54054749280773,20.63327856181957,1473234880.847308,18.410196366259488,146.484375,16384,2400000.0,0.0
945,1473570697.263901,1475970697.263901,1473810697.263901,1475730697.263901,2026-07-09T22:55:27.990606+00:00,1474770697.263901,1.814126909309086,0.9049619333020728,-40.79603108390076,18.092960117857693,1474770697.263901,16.27883320854861,146.484375,16384,2400000.0,0.0
946,1475106513.680494,1477506513.680494,1475346513.680494,1477266513.680494,2026-07-09T22:55:28.049163+00:00,1476306513.680494,1.697976770637993,0.8477690610353696,-40.906785173225764,19.408864844927603,1476306513.680494,17.71088807428961,146.484375,16384,2400000.0,0.0
947,1476642330.0970874,1479042330.0970874,1476882330.0970874,1478802330.0970874,2026-07-09T22:55:28.107441+00:00,1477842330.0970874,1.6696121201291754,0.8055590827368355,-42.73955436317159,18.954980767914034,1477842330.0970874,17.285368647784857,146.484375,16384,2400000.0,0.0
948,1478178146.5136805,1480578146.5136805,1478418146.5136805,1480338146.5136805,2026-07-09T22:55:28.166400+00:00,1479378146.5136805,1.478696742825073,0.6455240911110798,-38.97221673778298,20.14199983458426,1479378146.5136805,18.66330309175919,146.484375,16384,2400000.0,0.0
949,1479713962.9302735,1482113962.9302735,1479953962.9302735,1481873962.9302735,2026-07-09T22:55:28.224666+00:00,1480913962.9302735,1.3922713001823324,0.4381105991818266,-34.124411001047704,20.364575533034426,1480913962.9302735,18.972304232852093,146.484375,16384,2400000.0,0.0
950,1481249779.3468666,1483649779.3468666,1481489779.3468666,1483409779.3468666,2026-07-09T22:55:28.285414+00:00,1482449779.3468666,1.4667909330362203,0.5863551552157819,-44.7601569984858,33.91125251959445,1483199925.8312416,32.444461586558226,146.484375,16384,2400000.0,0.0
951,1482785595.7634597,1485185595.7634597,1483025595.7634597,1484945595.7634597,2026-07-09T22:55:28.347478+00:00,1483985595.7634597,1.4347686305406997,0.6169424629097429,-39.53529911962657,33.48669877641183,1483199853.5759597,32.051930145871125,146.484375,16384,2400000.0,0.0
952,1484321412.180053,1486721412.180053,1484561412.180053,1486481412.180053,2026-07-09T22:55:28.406692+00:00,1485521412.180053,1.3305890130862252,0.4844625190187321,-44.84927526716669,18.497749796682484,1485521412.180053,17.16716078359626,146.484375,16384,2400000.0,0.0
953,1485857228.596646,1488257228.596646,1486097228.596646,1488017228.596646,2026-07-09T22:55:28.463530+00:00,1487057228.596646,1.2486144907197667,0.3222827974310395,-44.11286477186421,20.090225970544097,1487057228.596646,18.84161147982433,146.484375,16384,2400000.0,0.0
954,1487393045.0132391,1489793045.0132391,1487633045.0132391,1489553045.0132391,2026-07-09T22:55:28.520449+00:00,1488593045.0132391,1.215597981946005,0.3189900472803826,-37.8769966739172,17.207272554001747,1487994949.3101141,15.991674572055743,146.484375,16384,2400000.0,0.0
955,1488928861.4298322,1491328861.4298322,1489168861.4298322,1491088861.4298322,2026-07-09T22:55:28.577487+00:00,1490128861.4298322,1.063992432376157,0.1861609817522063,-35.19822552829633,18.527561634536404,1490128861.4298322,17.463569202160247,146.484375,16384,2400000.0,0.0
956,1490464677.8464253,1492864677.8464253,1490704677.8464253,1492624677.8464253,2026-07-09T22:55:28.634411+00:00,1491664677.8464253,0.946551878209687,0.012471646924572935,-39.93224655929421,19.164649953362392,1491664677.8464253,18.218098075152707,146.484375,16384,2400000.0,0.0
957,1492000494.2630184,1494400494.2630184,1492240494.2630184,1494160494.2630184,2026-07-09T22:55:28.691445+00:00,1493200494.2630184,0.8937180120049972,-0.005786219221692784,-41.07850515211422,20.213938506825315,1493200494.2630184,19.32022049482032,146.484375,16384,2400000.0,0.0
958,1493536310.6796117,1495936310.6796117,1493776310.6796117,1495696310.6796117,2026-07-09T22:55:28.749417+00:00,1494736310.6796117,0.9156063852595766,0.04672890222442058,-36.318523614272834,18.561843337380314,1494736310.6796117,17.646236952120738,146.484375,16384,2400000.0,0.0
959,1495072127.0962048,1497472127.0962048,1495312127.0962048,1497232127.0962048,2026-07-09T22:55:28.807636+00:00,1496272127.0962048,0.9511405029411982,0.13409058014286526,-38.001503779176154,20.66284986073719,1495588777.4868298,19.711709357795993,146.484375,16384,2400000.0,0.0
960,1496607943.5127978,1499007943.5127978,1496847943.5127978,1498767943.5127978,2026-07-09T22:55:28.864830+00:00,1497807943.5127978,0.944913825861999,0.15107504499525143,-46.35225479863002,28.338427962321756,1497600082.1846728,27.393514136459757,146.484375,16384,2400000.0,0.0
961,1498143759.929391,1500543759.929391,1498383759.929391,1500303759.929391,2026-07-09T22:55:28.923092+00:00,1499343759.929391,0.9233886758991765,0.09863787083125644,-39.36389004894806,18.668722894144928,1500000009.929391,17.745334218245752,146.484375,16384,2400000.0,0.0
962,1499679576.345984,1502079576.345984,1499919576.345984,1501839576.345984,2026-07-09T22:55:28.981790+00:00,1500879576.345984,0.7390714334955958,-0.1151109247536843,-41.6003481792427,19.25279436090153,1500879576.345984,18.513722927405933,146.484375,16384,2400000.0,0.0
963,1501215392.762577,1503615392.762577,1501455392.762577,1503375392.762577,2026-07-09T22:55:29.040747+00:00,1502415392.762577,0.7211112392455576,-0.19142237892781694,-36.70328762922425,20.36535165651575,1502415392.762577,19.64424041727019,146.484375,16384,2400000.0,0.0
964,1502751209.1791704,1505151209.1791704,1502991209.1791704,1504911209.1791704,2026-07-09T22:55:29.098591+00:00,1503951209.1791704,0.6752697029446711,-0.24033470478555438,-44.049916187950004,16.721624004960244,1503951209.1791704,16.046354302015573,146.484375,16384,2400000.0,0.0
965,1504287025.5957634,1506687025.5957634,1504527025.5957634,1506447025.5957634,2026-07-09T22:55:29.157072+00:00,1505487025.5957634,0.6990488268107867,-0.2106832678661541,-38.53328538030043,18.694184848182445,1505487025.5957634,17.995136021371657,146.484375,16384,2400000.0,0.0
966,1505822842.0123565,1508222842.0123565,1506062842.0123565,1507982842.0123565,2026-07-09T22:55:29.215413+00:00,1507022842.0123565,0.6298417500722935,-0.18880010299850433,-39.967564226789705,19.3353939502432,1507022842.0123565,18.705552200170906,146.484375,16384,2400000.0,0.0
967,1507358658.4289496,1509758658.4289496,1507598658.4289496,1509518658.4289496,2026-07-09T22:55:29.272872+00:00,1508558658.4289496,0.6869322738108201,-0.175791887521485,-40.969289804046056,18.135978289583967,1508558658.4289496,17.449046015773146,146.484375,16384,2400000.0,0.0
968,1508894474.8455427,1511294474.8455427,1509134474.8455427,1511054474.8455427,2026-07-09T22:55:29.331710+00:00,1510094474.8455427,0.8124199542360624,-0.13480171561016296,-36.56714689679597,19.630296109786826,1510094474.8455427,18.817876155550763,146.484375,16384,2400000.0,0.0
969,1510430291.2621357,1512830291.2621357,1510670291.2621357,1512590291.2621357,2026-07-09T22:55:29.389508+00:00,1511630291.2621357,0.7286891018572603,-0.16369397915932463,-32.85591278451748,31.98267260117582,1511999871.3402607,31.25398349931856,146.484375,16384,2400000.0,0.0
970,1511966107.678729,1514366107.678729,1512206107.678729,1514126107.678729,2026-07-09T22:55:29.447183+00:00,1513166107.678729,0.6395613562322271,-0.20137745092960854,-45.19449523143419,24.267696599429357,1511999799.084979,23.62813524319713,146.484375,16384,2400000.0,0.0
971,1513501924.0953221,1515901924.0953221,1513741924.0953221,1515661924.0953221,2026-07-09T22:55:29.504137+00:00,1514701924.0953221,0.6380359206188291,-0.24010801571240242,-36.935617601964324,19.919812436043433,1514701924.0953221,19.281776515424603,146.484375,16384,2400000.0,0.0
972,1515037740.5119152,1517437740.5119152,1515277740.5119152,1517197740.5119152,2026-07-09T22:55:29.561233+00:00,1516237740.5119152,0.6799435794600761,-0.23042349465655154,-45.44243618422211,20.737078549931486,1516237740.5119152,20.05713497047141,146.484375,16384,2400000.0,0.0
973,1516573556.9285083,1518973556.9285083,1516813556.9285083,1518733556.9285083,2026-07-09T22:55:29.619357+00:00,1517773556.9285083,0.6942123808269243,-0.20622779881254205,-33.74130408373685,18.975146220552233,1517773556.9285083,18.280933839725307,146.484375,16384,2400000.0,0.0
974,1518109373.3451014,1520509373.3451014,1518349373.3451014,1520269373.3451014,2026-07-09T22:55:29.677441+00:00,1519309373.3451014,0.5778439234250955,-0.24356411847195547,-39.281145009121936,19.84060950206826,1519309373.3451014,19.262765578643165,146.484375,16384,2400000.0,0.0
975,1519645189.7616944,1522045189.7616944,1519885189.7616944,1521805189.7616944,2026-07-09T22:55:29.735433+00:00,1520845189.7616944,0.6577742136447831,-0.23703073953521808,-62.69935626631033,18.746426496869237,1520845189.7616944,18.088652283224455,146.484375,16384,2400000.0,0.0
976,1521181006.1782877,1523581006.1782877,1521421006.1782877,1523341006.1782877,2026-07-09T22:55:29.793503+00:00,1522381006.1782877,0.5049872217470752,-0.30694465555239064,-36.45540801391938,19.522074627568443,1522381006.1782877,19.017087405821368,146.484375,16384,2400000.0,0.0
977,1522716822.5948808,1525116822.5948808,1522956822.5948808,1524876822.5948808,2026-07-09T22:55:29.852230+00:00,1523916822.5948808,0.6009063351567254,-0.31985959071755665,-39.45736727752735,19.302654013391404,1523916822.5948808,18.70174767823468,146.484375,16384,2400000.0,0.0
978,1524252639.011474,1526652639.011474,1524492639.011474,1526412639.011474,2026-07-09T22:55:29.910534+00:00,1525452639.011474,0.598380698420357,-0.26637944269534725,-39.40738903676104,26.481507780374272,1526400099.948974,25.883127081953916,146.484375,16384,2400000.0,0.0
979,1525788455.428067,1528188455.428067,1526028455.428067,1527948455.428067,2026-07-09T22:55:29.969867+00:00,1526988455.428067,0.5111325218317002,-0.3542871759226326,-58.336946664966675,27.18239405576627,1526400027.693692,26.67126153393457,146.484375,16384,2400000.0,0.0
980,1527324271.84466,1529724271.84466,1527564271.84466,1529484271.84466,2026-07-09T22:55:30.028672+00:00,1528524271.84466,0.7545899194113311,-0.17247806515310193,-61.035978471994,17.50007173841314,1528524271.84466,16.74548181900181,146.484375,16384,2400000.0,0.0
981,1528860088.261253,1531260088.261253,1529100088.261253,1531020088.261253,2026-07-09T22:55:30.087866+00:00,1530060088.261253,0.5413924041804408,-0.35655978790657217,-46.629966486860724,20.639851870735555,1530060088.261253,20.098459466555113,146.484375,16384,2400000.0,0.0
982,1530395904.6778464,1532795904.6778464,1530635904.6778464,1532555904.6778464,2026-07-09T22:55:30.146880+00:00,1531595904.6778464,0.6321653833897103,-0.2980319327116385,-46.02456985989398,18.56659729320467,1531595904.6778464,17.934431909814958,146.484375,16384,2400000.0,0.0
983,1531931721.0944395,1534331721.0944395,1532171721.0944395,1534091721.0944395,2026-07-09T22:55:30.206544+00:00,1533131721.0944395,0.47099172646955845,-0.40296871650884314,-39.78256885162837,20.517724689361906,1533131721.0944395,20.046732962892346,146.484375,16384,2400000.0,0.0
984,1533467537.5110326,1535867537.5110326,1533707537.5110326,1535627537.5110326,2026-07-09T22:55:30.265711+00:00,1534667537.5110326,0.5437740472315814,-0.37300210394011263,-42.8163503658451,20.13442492635656,1534667537.5110326,19.590650879124976,146.484375,16384,2400000.0,0.0
985,1535003353.9276257,1537403353.9276257,1535243353.9276257,1537163353.9276257,2026-07-09T22:55:30.324666+00:00,1536203353.9276257,0.5446161676529121,-0.3464211638044745,-40.27134369892421,18.99685399980116,1536203353.9276257,18.45223783214825,146.484375,16384,2400000.0,0.0
986,1536539170.3442187,1538939170.3442187,1536779170.3442187,1538699170.3442187,2026-07-09T22:55:30.384597+00:00,1537739170.3442187,0.6895894901800432,-0.2529463799367379,-44.09379153489606,19.800837542169187,1537739170.3442187,19.111248051989143,146.484375,16384,2400000.0,0.0
987,1538074986.760812,1540474986.760812,1538314986.760812,1540234986.760812,2026-07-09T22:55:30.442899+00:00,1539274986.760812,0.6448402030261411,-0.24386013690493513,-40.656983016248944,20.27438047602535,1539274986.760812,19.629540272999208,146.484375,16384,2400000.0,0.0
988,1539610803.177405,1542010803.177405,1539850803.177405,1541770803.177405,2026-07-09T22:55:30.503280+00:00,1540810803.177405,0.6656086675356844,-0.22011254343075956,-40.965725477071246,31.540572430829727,1540799816.84928,30.87496376329404,146.484375,16384,2400000.0,0.0
989,1541146619.5939982,1543546619.5939982,1541386619.5939982,1543306619.5939982,2026-07-09T22:55:30.562527+00:00,1542346619.5939982,0.7163281770225629,-0.16411600542047583,-35.67492693994724,19.958619673245718,1542346619.5939982,19.242291496223153,146.484375,16384,2400000.0,0.0
990,1542682436.0105913,1545082436.0105913,1542922436.0105913,1544842436.0105913,2026-07-09T22:55:30.620157+00:00,1543882436.0105913,0.6229867813315415,-0.2837232030811675,-40.90785087822468,20.860098154714667,1543882436.0105913,20.237111373383126,146.484375,16384,2400000.0,0.0
991,1544218252.4271843,1546618252.4271843,1544458252.4271843,1546378252.4271843,2026-07-09T22:55:30.679818+00:00,1545418252.4271843,0.5843662965492957,-0.3062432171866404,-41.416536840421,19.064541857182142,1545418252.4271843,18.480175560632848,146.484375,16384,2400000.0,0.0
992,1545754068.8437774,1548154068.8437774,1545994068.8437774,1547914068.8437774,2026-07-09T22:55:30.737496+00:00,1546954068.8437774,0.5376461999719762,-0.34523564907729987,-42.67933281953023,18.08334899672303,1546954068.8437774,17.54570279675105,146.484375,16384,2400000.0,0.0
993,1547289885.2603707,1549689885.2603707,1547529885.2603707,1549449885.2603707,2026-07-09T22:55:30.794868+00:00,1548489885.2603707,0.5935018373916714,-0.27752547637079034,-57.132325062194425,19.253477296326807,1548489885.2603707,18.659975458935136,146.484375,16384,2400000.0,0.0
994,1548825701.6769638,1551225701.6769638,1549065701.6769638,1550985701.6769638,2026-07-09T22:55:30.851984+00:00,1550025701.6769638,0.6719088039996617,-0.18840125860991025,-44.30392896076005,17.399759241660128,1550025701.6769638,16.727850437660464,146.484375,16384,2400000.0,0.0
995,1550361518.093557,1552761518.093557,1550601518.093557,1552521518.093557,2026-07-09T22:55:30.909817+00:00,1551561518.093557,0.5542531342963959,-0.3130552693174321,-49.14507518232039,18.881471160525635,1551561518.093557,18.32721802622924,146.484375,16384,2400000.0,0.0
996,1551897334.51015,1554297334.51015,1552137334.51015,1554057334.51015,2026-07-09T22:55:30.968271+00:00,1553097334.51015,0.5783520319121669,-0.36176654794460117,-45.158217458374864,19.504027478522318,1553097334.51015,18.92567544661015,146.484375,16384,2400000.0,0.0
997,1553433150.926743,1555833150.926743,1553673150.926743,1555593150.926743,2026-07-09T22:55:31.026923+00:00,1554633150.926743,0.6276813664359073,-0.21514202959664142,-43.95829235409947,19.670218697693997,1555200045.457993,19.04253733125809,146.484375,16384,2400000.0,0.0
998,1554968967.343336,1557368967.343336,1555208967.343336,1557128967.343336,2026-07-09T22:55:31.085335+00:00,1556168967.343336,0.6469156724681253,-0.20213313823875678,-42.77813268290812,19.184091523237882,1556168967.343336,18.537175850769756,146.484375,16384,2400000.0,0.0
999,1556504783.7599294,1558904783.7599294,1556744783.7599294,1558664783.7599294,2026-07-09T22:55:31.142714+00:00,1557704783.7599294,0.6110813783063893,-0.29044637732691586,-40.55550606526392,19.822805184481947,1557704783.7599294,19.211723806175556,146.484375,16384,2400000.0,0.0
1000,1558040600.1765225,1560440600.1765225,1558280600.1765225,1560200600.1765225,2026-07-09T22:55:31.201606+00:00,1559240600.1765225,0.6481141332908603,-0.24780360643692648,-40.94128525346718,20.569065994741564,1559240600.1765225,19.920951861450703,146.484375,16384,2400000.0,0.0
1001,1559576416.5931156,1561976416.5931156,1559816416.5931156,1561736416.5931156,2026-07-09T22:55:31.261231+00:00,1560776416.5931156,0.6956435359097228,-0.20131440078589558,-41.72571732256336,19.479751080249965,1560776416.5931156,18.78410754434024,146.484375,16384,2400000.0,0.0
1002,1561112233.0097086,1563512233.0097086,1561352233.0097086,1563272233.0097086,2026-07-09T22:55:31.318797+00:00,1562312233.0097086,0.5621562337507559,-0.308294525954262,-45.87340402395314,20.218723583557544,1562312233.0097086,19.65656734980679,146.484375,16384,2400000.0,0.0
1003,1562648049.4263017,1565048049.4263017,1562888049.4263017,1564808049.4263017,2026-07-09T22:55:31.378648+00:00,1563848049.4263017,0.5217199118860876,-0.3637702494477356,-45.8861716062397,20.94822968164639,1563848049.4263017,20.4265097697603,146.484375,16384,2400000.0,0.0
1004,1564183865.8428948,1566583865.8428948,1564423865.8428948,1566343865.8428948,2026-07-09T22:55:31.436688+00:00,1565383865.8428948,0.7235707189424518,-0.12682015073739145,-39.25322162768716,17.96526205098322,1565383865.8428948,17.24169133204077,146.484375,16384,2400000.0,0.0
1005,1565719682.259488,1568119682.259488,1565959682.259488,1567879682.259488,2026-07-09T22:55:31.494379+00:00,1566919682.259488,0.6412224329613896,-0.16098627385449055,-36.954228726669044,18.762848105579714,1566919682.259488,18.121625672618325,146.484375,16384,2400000.0,0.0
1006,1567255498.6760812,1569655498.6760812,1567495498.6760812,1569415498.6760812,2026-07-09T22:55:31.551799+00:00,1568455498.6760812,0.637036889237149,-0.2510741368919464,-43.02095481161119,27.548982465958588,1569599834.6135812,26.91194557672144,146.484375,16384,2400000.0,0.0
1007,1568791315.0926743,1571191315.0926743,1569031315.0926743,1570951315.0926743,2026-07-09T22:55:31.609324+00:00,1569991315.0926743,0.5862664666545179,-0.2547172824340189,-38.7570988844675,31.544527647582722,1569599762.3582993,30.958261180928204,146.484375,16384,2400000.0,0.0
1008,1570327131.5092673,1572727131.5092673,1570567131.5092673,1572487131.5092673,2026-07-09T22:55:31.666392+00:00,1571527131.5092673,0.7194802148189563,-0.18991861056277737,-36.674180595106364,18.453322808913633,1571527131.5092673,17.733842594094675,146.484375,16384,2400000.0,0.0
1009,1571862947.9258604,1574262947.9258604,1572102947.9258604,1574022947.9258604,2026-07-09T22:55:31.724531+00:00,1573062947.9258604,0.5123399241293765,-0.38761676354734376,-41.53228119719971,18.294140914742062,1573062947.9258604,17.781800990612687,146.484375,16384,2400000.0,0.0
1010,1573398764.3424535,1575798764.3424535,1573638764.3424535,1575558764.3424535,2026-07-09T22:55:31.783100+00:00,1574598764.3424535,0.560628201089916,-0.2972022733464429,-38.43456642124845,18.603270874532246,1574598764.3424535,18.04264267344233,146.484375,16384,2400000.0,0.0
1011,1574934580.7590468,1577334580.7590468,1575174580.7590468,1577094580.7590468,2026-07-09T22:55:31.842304+00:00,1576134580.7590468,0.5301687660102917,-0.35761738706987956,-48.55599705992237,17.357322718544957,1576134580.7590468,16.827153952534665,146.484375,16384,2400000.0,0.0
1012,1576470397.1756399,1578870397.1756399,1576710397.1756399,1578630397.1756399,2026-07-09T22:55:31.900449+00:00,1577670397.1756399,0.6112677223591312,-0.25945218748022336,-36.61166587673068,21.097514790977897,1577670397.1756399,20.486247068618766,146.484375,16384,2400000.0,0.0
1013,1578006213.592233,1580406213.592233,1578246213.592233,1580166213.592233,2026-07-09T22:55:31.958780+00:00,1579206213.592233,0.6130303523841996,-0.2876718894808882,-41.237187442121225,19.826877817373024,1579206213.592233,19.213847464988824,146.484375,16384,2400000.0,0.0
1014,1579542030.008826,1581942030.008826,1579782030.008826,1581702030.008826,2026-07-09T22:55:32.018543+00:00,1580742030.008826,0.560220995340704,-0.3811210088204873,-44.07305814432357,19.858713779268655,1580742030.008826,19.29849278392795,146.484375,16384,2400000.0,0.0
1015,1581077846.425419,1583477846.425419,1581317846.425419,1583237846.425419,2026-07-09T22:55:32.077254+00:00,1582277846.425419,0.6912501082452842,-0.22406343415045768,-40.04304918768941,20.431314364853872,1582277846.425419,19.740064256608587,146.484375,16384,2400000.0,0.0
1016,1582613662.8420122,1585013662.8420122,1582853662.8420122,1584773662.8420122,2026-07-09T22:55:32.136397+00:00,1583813662.8420122,0.5588709270761762,-0.32269083857919917,-41.28318933317001,28.83462229588835,1583999990.9670122,28.275751368812177,146.484375,16384,2400000.0,0.0
1017,1584149479.2586055,1586549479.2586055,1584389479.2586055,1586309479.2586055,2026-07-09T22:55:32.194480+00:00,1585349479.2586055,0.4703071449785601,-0.3449359938679676,-41.73169644538972,20.57166350857837,1585349479.2586055,20.101356363599812,146.484375,16384,2400000.0,0.0
1018,1585685295.6751986,1588085295.6751986,1585925295.6751986,1587845295.6751986,2026-07-09T22:55:32.252819+00:00,1586885295.6751986,0.6063206756501377,-0.36489612081595646,-54.73096299497422,20.72938065620876,1586885295.6751986,20.123059980558622,146.484375,16384,2400000.0,0.0
1019,1587221112.0917916,1589621112.0917916,1587461112.0917916,1589381112.0917916,2026-07-09T22:55:32.310613+00:00,1588421112.0917916,0.6509176978044164,-0.2989544438948056,-44.516383925231075,20.043282755231107,1588421112.0917916,19.39236505742669,146.484375,16384,2400000.0,0.0
1020,1588756928.5083847,1591156928.5083847,1588996928.5083847,1590916928.5083847,2026-07-09T22:55:32.369009+00:00,1589956928.5083847,0.5466772578136765,-0.3454851463754963,-51.22582701948214,19.181983819672304,1589956928.5083847,18.635306561858627,146.484375,16384,2400000.0,0.0
1021,1590292744.9249778,1592692744.9249778,1590532744.9249778,1592452744.9249778,2026-07-09T22:55:32.428333+00:00,1591492744.9249778,0.5359592404508693,-0.4135067254361472,-46.12498059366412,20.271766523987505,1591492744.9249778,19.735807283536637,146.484375,16384,2400000.0,0.0
1022,1591828561.3415709,1594228561.3415709,1592068561.3415709,1593988561.3415709,2026-07-09T22:55:32.486388+00:00,1593028561.3415709,0.46136012004274923,-0.35676513363669493,-40.50510509633844,19.345558048481905,1593028561.3415709,18.884197928439157,146.484375,16384,2400000.0,0.0
1023,1593364377.7581642,1595764377.7581642,1593604377.7581642,1595524377.7581642,2026-07-09T22:55:32.544555+00:00,1594564377.7581642,0.6539372511027199,-0.27645181824414455,-40.006824966093475,20.485601306534072,1594564377.7581642,19.831664055431354,146.484375,16384,2400000.0,0.0
1024,1594900194.1747572,1597300194.1747572,1595140194.1747572,1597060194.1747572,2026-07-09T22:55:32.603310+00:00,1596100194.1747572,0.5977621857201159,-0.3253929230584307,-40.28987301162313,19.7559355192357,1596100194.1747572,19.158173333515585,146.484375,16384,2400000.0,0.0
1025,1596436010.5913503,1598836010.5913503,1596676010.5913503,1598596010.5913503,2026-07-09T22:55:32.661077+00:00,1597636010.5913503,0.5593189564827391,-0.34843971767434756,-44.4883691800719,31.051042264968736,1598399780.1226003,30.491723308485998,146.484375,16384,2400000.0,0.0
1026,1597971827.0079434,1600371827.0079434,1598211827.0079434,1600131827.0079434,2026-07-09T22:55:32.718408+00:00,1599171827.0079434,0.5002887339830129,-0.3544421826276666,-46.53005366464731,30.74715393635565,1598400147.3204434,30.24686520237264,146.484375,16384,2400000.0,0.0
1027,1599507643.4245365,1601907643.4245365,1599747643.4245365,1601667643.4245365,2026-07-09T22:55:32.776566+00:00,1600707643.4245365,0.5246842847226614,-0.32549270731919444,-52.720077141141715,18.96779965311627,1600707643.4245365,18.44311536839361,146.484375,16384,2400000.0,0.0
1028,1601043459.8411298,1603443459.8411298,1601283459.8411298,1603203459.8411298,2026-07-09T22:55:32.835358+00:00,1602243459.8411298,0.43661034572068336,-0.3924625683466494,-38.987998402886404,21.070039305370905,1602243459.8411298,20.63342895965022,146.484375,16384,2400000.0,0.0
1029,1602579276.2577229,1604979276.2577229,1602819276.2577229,1604739276.2577229,2026-07-09T22:55:32.894464+00:00,1603779276.2577229,0.4102149291523437,-0.44988598755929643,-41.96402657561067,18.797489199472267,1603779276.2577229,18.387274270319924,146.484375,16384,2400000.0,0.0
1030,1604115092.674316,1606515092.674316,1604355092.674316,1606275092.674316,2026-07-09T22:55:32.953363+00:00,1605315092.674316,0.5555932994733732,-0.3296402279143527,-40.653590229101596,19.89623802482499,1605315092.674316,19.340644725351616,146.484375,16384,2400000.0,0.0
1031,1605650909.090909,1608050909.090909,1605890909.090909,1607810909.090909,2026-07-09T22:55:33.011426+00:00,1606850909.090909,0.5292752088603481,-0.3602380610375647,-44.365834039387025,20.89060769070887,1606850909.090909,20.36133248184852,146.484375,16384,2400000.0,0.0
1032,1607186725.507502,1609586725.507502,1607426725.507502,1609346725.507502,2026-07-09T22:55:33.069454+00:00,1608386725.507502,0.5133173997362795,-0.3586374012046637,-38.483763839849516,20.466837480602518,1608386725.507502,19.953520080866237,146.484375,16384,2400000.0,0.0
1033,1608722541.9240952,1611122541.9240952,1608962541.9240952,1610882541.9240952,2026-07-09T22:55:33.128013+00:00,1609922541.9240952,0.453370328616858,-0.41052675213992784,-37.132004820115306,18.468347453493607,1609922541.9240952,18.014977124876747,146.484375,16384,2400000.0,0.0
1034,1610258358.3406885,1612658358.3406885,1610498358.3406885,1612418358.3406885,2026-07-09T22:55:33.186742+00:00,1611458358.3406885,0.5179036125192245,-0.36008979102926636,-40.47514324550065,19.397696955380106,1611458358.3406885,18.879793342860882,146.484375,16384,2400000.0,0.0
1035,1611794174.7572815,1614194174.7572815,1612034174.7572815,1613954174.7572815,2026-07-09T22:55:33.244082+00:00,1612994174.7572815,0.5381079327080847,-0.33183072025608595,-58.605290195380455,25.887174621073086,1612799936.4760315,25.349066688365003,146.484375,16384,2400000.0,0.0
1036,1613329991.1738746,1615729991.1738746,1613569991.1738746,1615489991.1738746,2026-07-09T22:55:33.301449+00:00,1614529991.1738746,0.3819042307956062,-0.41028924863716576,-37.526773906136796,19.070268882674814,1614529991.1738746,18.68836465187921,146.484375,16384,2400000.0,0.0
1037,1614865807.5904677,1617265807.5904677,1615105807.5904677,1617025807.5904677,2026-07-09T22:55:33.358554+00:00,1616065807.5904677,0.4982943986692595,-0.3695157156534405,-41.20137615401617,19.935446248030722,1616065807.5904677,19.437151849361463,146.484375,16384,2400000.0,0.0
1038,1616401624.0070608,1618801624.0070608,1616641624.0070608,1618561624.0070608,2026-07-09T22:55:33.416906+00:00,1617601624.0070608,0.5004756541056484,-0.3829629010525374,-40.620561447818275,18.34691516904692,1617601624.0070608,17.84643951494127,146.484375,16384,2400000.0,0.0
1039,1617937440.4236538,1620337440.4236538,1618177440.4236538,1620097440.4236538,2026-07-09T22:55:33.474803+00:00,1619137440.4236538,0.5316933695276849,-0.36992290414734275,-47.62996034286934,19.762619845918618,1619137440.4236538,19.230926476390934,146.484375,16384,2400000.0,0.0
1040,1619473256.8402472,1621873256.8402472,1619713256.8402472,1621633256.8402472,2026-07-09T22:55:33.533517+00:00,1620673256.8402472,0.3712804435375759,-0.510126763160532,-48.62201658993237,19.076265588042986,1620673256.8402472,18.70498514450541,146.484375,16384,2400000.0,0.0
1041,1621009073.2568402,1623409073.2568402,1621249073.2568402,1623169073.2568402,2026-07-09T22:55:33.591525+00:00,1622209073.2568402,0.499359308531408,-0.3977153910161654,-40.988808051071494,20.293581566469953,1622209073.2568402,19.794222257938547,146.484375,16384,2400000.0,0.0
1042,1622544889.6734333,1624944889.6734333,1622784889.6734333,1624704889.6734333,2026-07-09T22:55:33.650536+00:00,1623744889.6734333,0.47750680361839504,-0.4299219332176888,-35.695621882684705,20.365861360388323,1623744889.6734333,19.888354556769926,146.484375,16384,2400000.0,0.0
1043,1624080706.0900264,1626480706.0900264,1624320706.0900264,1626240706.0900264,2026-07-09T22:55:33.708891+00:00,1625280706.0900264,0.3636121018993701,-0.5061950594100347,-49.29867100377089,18.41993500835544,1625280706.0900264,18.05632290645607,146.484375,16384,2400000.0,0.0
1044,1625616522.5066195,1628016522.5066195,1625856522.5066195,1627776522.5066195,2026-07-09T22:55:33.766330+00:00,1626816522.5066195,0.44107237344987227,-0.42855141613761,-50.80091315074428,25.62940957529584,1627199725.6316195,25.188337201845965,146.484375,16384,2400000.0,0.0
1045,1627152338.9232125,1629552338.9232125,1627392338.9232125,1629312338.9232125,2026-07-09T22:55:33.823852+00:00,1628352338.9232125,0.5280706994473028,-0.3336088775006206,-40.75454325020772,19.768008802036803,1628352338.9232125,19.2399381025895,146.484375,16384,2400000.0,0.0
1046,1628688155.3398058,1631088155.3398058,1628928155.3398058,1630848155.3398058,2026-07-09T22:55:33.882550+00:00,1629888155.3398058,0.5558696239037302,-0.3235317779866357,-48.36018748600921,19.767995462335616,1629888155.3398058,19.212125838431884,146.484375,16384,2400000.0,0.0
1047,1630223971.756399,1632623971.756399,1630463971.756399,1632383971.756399,2026-07-09T22:55:33.940963+00:00,1631423971.756399,0.4612491473209057,-0.42965967070124755,-57.6078750694273,17.681604313336052,1631423971.756399,17.220355166015146,146.484375,16384,2400000.0,0.0
1048,1631759788.172992,1634159788.172992,1631999788.172992,1633919788.172992,2026-07-09T22:55:34.000903+00:00,1632959788.172992,0.5198641252770733,-0.3859416833667648,-44.78605376101974,20.49393867539782,1632959788.172992,19.974074550120747,146.484375,16384,2400000.0,0.0
1049,1633295604.589585,1635695604.589585,1633535604.589585,1635455604.589585,2026-07-09T22:55:34.059904+00:00,1634495604.589585,0.38867055563832453,-0.42839436674504777,-36.59198936901941,17.705187190752707,1634495604.589585,17.316516635114382,146.484375,16384,2400000.0,0.0
1050,1634831421.0061781,1637231421.0061781,1635071421.0061781,1636991421.0061781,2026-07-09T22:55:34.117611+00:00,1636031421.0061781,0.5237195016163058,-0.38999895987145144,-37.01972694321854,18.770833366564908,1636031421.0061781,18.247113864948602,146.484375,16384,2400000.0,0.0
1051,1636367237.4227712,1638767237.4227712,1636607237.4227712,1638527237.4227712,2026-07-09T22:55:34.174791+00:00,1637567237.4227712,0.4017316993592697,-0.43328397915672634,-39.20491875567866,19.581678222100468,1637567237.4227712,19.179946522741197,146.484375,16384,2400000.0,0.0
1052,1637903053.8393645,1640303053.8393645,1638143053.8393645,1640063053.8393645,2026-07-09T22:55:34.232113+00:00,1639103053.8393645,0.4576026398705551,-0.4160975163210864,-40.38218822143066,19.457856166474436,1639103053.8393645,19.00025352660388,146.484375,16384,2400000.0,0.0
1053,1639438870.2559576,1641838870.2559576,1639678870.2559576,1641598870.2559576,2026-07-09T22:55:34.289930+00:00,1640638870.2559576,0.47971302294340806,-0.37084723134203745,-44.11104439835729,18.937563390204875,1640638870.2559576,18.457850367261468,146.484375,16384,2400000.0,0.0
1054,1640974686.6725507,1643374686.6725507,1641214686.6725507,1643134686.6725507,2026-07-09T22:55:34.348171+00:00,1642174686.6725507,0.49163204872069116,-0.39318533444644976,-52.51166760558132,19.99789811616981,1642174686.6725507,19.50626606744912,146.484375,16384,2400000.0,0.0
1055,1642510503.0891438,1644910503.0891438,1642750503.0891438,1644670503.0891438,2026-07-09T22:55:34.405493+00:00,1643710503.0891438,0.35953023048695254,-0.5061501559150716,-40.29783027987619,19.664136752325557,1643710503.0891438,19.304606521838604,146.484375,16384,2400000.0,0.0
1056,1644046319.5057368,1646446319.5057368,1644286319.5057368,1646206319.5057368,2026-07-09T22:55:34.462446+00:00,1645246319.5057368,0.5156232227206817,-0.38191209667739223,-44.11423139990558,17.35652750683926,1645246319.5057368,16.84090428411858,146.484375,16384,2400000.0,0.0
1057,1645582135.92233,1647982135.92233,1645822135.92233,1647742135.92233,2026-07-09T22:55:34.519909+00:00,1646782135.92233,0.6154643683169543,-0.27947707861886506,-36.35843008042861,16.978947948061162,1646782135.92233,16.36348357974421,146.484375,16384,2400000.0,0.0
1058,1647117952.3389232,1649517952.3389232,1647357952.3389232,1649277952.3389232,2026-07-09T22:55:34.578772+00:00,1648317952.3389232,0.46918611415949735,-0.34126358815721936,-38.79208345336029,18.402372961201085,1648317952.3389232,17.933186847041586,146.484375,16384,2400000.0,0.0
1059,1648653768.7555163,1651053768.7555163,1648893768.7555163,1650813768.7555163,2026-07-09T22:55:34.637170+00:00,1649853768.7555163,0.5580172179671212,-0.34177163577012254,-37.97249558901853,20.8770295240088,1649853768.7555163,20.319012306041678,146.484375,16384,2400000.0,0.0
1060,1650189585.1721094,1652589585.1721094,1650429585.1721094,1652349585.1721094,2026-07-09T22:55:34.695676+00:00,1651389585.1721094,0.46217988545622746,-0.385116894317834,-39.50897081425498,19.45552156295776,1651389585.1721094,18.993341677501533,146.484375,16384,2400000.0,0.0
1061,1651725401.5887024,1654125401.5887024,1651965401.5887024,1653885401.5887024,2026-07-09T22:55:34.753299+00:00,1652925401.5887024,0.5489165246461944,-0.34127894286875593,-39.28852153218079,20.113110115444726,1652925401.5887024,19.56419359079853,146.484375,16384,2400000.0,0.0
1062,1653261218.0052955,1655661218.0052955,1653501218.0052955,1655421218.0052955,2026-07-09T22:55:34.810291+00:00,1654461218.0052955,0.47045354830638775,-0.35706912154512527,-34.72158923172781,19.073191338741825,1654461218.0052955,18.602737790435437,146.484375,16384,2400000.0,0.0
1063,1654797034.4218886,1657197034.4218886,1655037034.4218886,1656957034.4218886,2026-07-09T22:55:34.866864+00:00,1655997034.4218886,0.6216413738592964,-0.28962199864149724,-41.05193467253903,29.20282739393844,1656000110.5937636,28.58118602007914,146.484375,16384,2400000.0,0.0
1064,1656332850.838482,1658732850.838482,1656572850.838482,1658492850.838482,2026-07-09T22:55:34.924650+00:00,1657532850.838482,0.5061282433271745,-0.3602201421182164,-37.856728667503305,20.095715085391006,1657532850.838482,19.58958684206383,146.484375,16384,2400000.0,0.0
1065,1657868667.255075,1660268667.255075,1658108667.255075,1660028667.255075,2026-07-09T22:55:34.981718+00:00,1659068667.255075,0.5572140820525537,-0.31255807494245963,-41.20825725358891,20.12679972811644,1659068667.255075,19.569585646063885,146.484375,16384,2400000.0,0.0
1066,1659404483.671668,1661804483.671668,1659644483.671668,1661564483.671668,2026-07-09T22:55:35.038919+00:00,1660604483.671668,0.4437852942372784,-0.371344552755022,-54.25260387866779,19.33635317315973,1660604483.671668,18.89256787892245,146.484375,16384,2400000.0,0.0
1067,1660940300.0882611,1663340300.0882611,1661180300.0882611,1663100300.0882611,2026-07-09T22:55:35.096252+00:00,1662140300.0882611,0.4642007290860694,-0.4358558073064577,-46.80980261663926,19.818016569361234,1662140300.0882611,19.353815840275164,146.484375,16384,2400000.0,0.0
1068,1662476116.5048542,1664876116.5048542,1662716116.5048542,1664636116.5048542,2026-07-09T22:55:35.155313+00:00,1663676116.5048542,0.5057083351784947,-0.3912797022913719,-40.71177152972932,18.09413471991625,1663676116.5048542,17.588426384737758,146.484375,16384,2400000.0,0.0
1069,1664011932.9214475,1666411932.9214475,1664251932.9214475,1666171932.9214475,2026-07-09T22:55:35.213892+00:00,1665211932.9214475,0.6230276828282042,-0.29821013852829326,-41.957733010546704,18.11356891129363,1665211932.9214475,17.490541228465425,146.484375,16384,2400000.0,0.0
1070,1665547749.3380406,1667947749.3380406,1665787749.3380406,1667707749.3380406,2026-07-09T22:55:35.272181+00:00,1666747749.3380406,0.4802480718115875,-0.38742561489481403,-40.78018367079005,20.388994482557475,1666747749.3380406,19.908746410745888,146.484375,16384,2400000.0,0.0
1071,1667083565.7546337,1669483565.7546337,1667323565.7546337,1669243565.7546337,2026-07-09T22:55:35.331675+00:00,1668283565.7546337,0.48399043924307916,-0.3989816424437981,-38.71936142864956,18.426451366155902,1668283565.7546337,17.942460926912823,146.484375,16384,2400000.0,0.0
1072,1668619382.1712267,1671019382.1712267,1668859382.1712267,1670779382.1712267,2026-07-09T22:55:35.390955+00:00,1669819382.1712267,0.424958292423235,-0.45376446516282104,-42.339899692162284,19.776977008617564,1669819382.1712267,19.35201871619433,146.484375,16384,2400000.0,0.0
1073,1670155198.5878198,1672555198.5878198,1670395198.5878198,1672315198.5878198,2026-07-09T22:55:35.449778+00:00,1671355198.5878198,0.5097724991830765,-0.35543142013301476,-38.096964518312326,18.26561850747612,1671355198.5878198,17.755846008293044,146.484375,16384,2400000.0,0.0
1074,1671691015.004413,1674091015.004413,1671931015.004413,1673851015.004413,2026-07-09T22:55:35.509185+00:00,1672891015.004413,0.5732842078213354,-0.35926453779221545,-40.28031788773929,16.967001122519434,1672891015.004413,16.3937169146981,146.484375,16384,2400000.0,0.0
1075,1673226831.4210062,1675626831.4210062,1673466831.4210062,1675386831.4210062,2026-07-09T22:55:35.567847+00:00,1674426831.4210062,0.644110640314626,-0.27250789645670126,-41.865138631015114,19.63173974516675,1674426831.4210062,18.987629104852125,146.484375,16384,2400000.0,0.0
1076,1674762647.8375993,1677162647.8375993,1675002647.8375993,1676922647.8375993,2026-07-09T22:55:35.625833+00:00,1675962647.8375993,0.4698636190497148,-0.38425263533154697,-48.11907997506563,18.47028082827883,1675962647.8375993,18.000417209229116,146.484375,16384,2400000.0,0.0
1077,1676298464.2541924,1678698464.2541924,1676538464.2541924,1678458464.2541924,2026-07-09T22:55:35.684532+00:00,1677498464.2541924,0.4201723782147464,-0.4333080588690642,-38.88596198789542,19.286221524106203,1677498464.2541924,18.866049145891456,146.484375,16384,2400000.0,0.0
1078,1677834280.6707854,1680234280.6707854,1678074280.6707854,1679994280.6707854,2026-07-09T22:55:35.744520+00:00,1679034280.6707854,0.6173970196635595,-0.2970357218104484,-41.083349583358725,26.888408020246967,1679999905.6707854,26.271011000583407,146.484375,16384,2400000.0,0.0
1079,1679370097.0873785,1681770097.0873785,1679610097.0873785,1681530097.0873785,2026-07-09T22:55:35.803151+00:00,1680570097.0873785,0.5409660355932064,-0.3650326149733685,-44.19906718674939,27.679887884498665,1679999833.4155035,27.138921848905458,146.484375,16384,2400000.0,0.0
1080,1680905913.5039716,1683305913.5039716,1681145913.5039716,1683065913.5039716,2026-07-09T22:55:35.861815+00:00,1682105913.5039716,0.4623875775618565,-0.430994952672651,-41.59502477184886,18.828539948580506,1682105913.5039716,18.36615237101865,146.484375,16384,2400000.0,0.0
1081,1682441729.920565,1684841729.920565,1682681729.920565,1684601729.920565,2026-07-09T22:55:35.920437+00:00,1683641729.920565,0.49472336713469744,-0.35498046342450884,-45.2905848455554,19.52041755333325,1683641729.920565,19.025694186198553,146.484375,16384,2400000.0,0.0
1082,1683977546.337158,1686377546.337158,1684217546.337158,1686137546.337158,2026-07-09T22:55:35.979329+00:00,1685177546.337158,0.5057353610005041,-0.4331109517761723,-38.98598932098477,24.144464727009055,1684800056.102783,23.63872936600855,146.484375,16384,2400000.0,0.0
1083,1685513362.753751,1687913362.753751,1685753362.753751,1687673362.753751,2026-07-09T22:55:36.037349+00:00,1686713362.753751,0.5261536833187728,-0.3960153787282571,-38.42529338033266,18.852901088735557,1686713362.753751,18.326747405416786,146.484375,16384,2400000.0,0.0
1084,1687049179.170344,1689449179.170344,1687289179.170344,1689209179.170344,2026-07-09T22:55:36.096279+00:00,1688249179.170344,0.5570565023455982,-0.3547621164915242,-39.06417172656886,18.59242605007621,1688249179.170344,18.03536954773061,146.484375,16384,2400000.0,0.0
1085,1688584995.5869372,1690984995.5869372,1688824995.5869372,1690744995.5869372,2026-07-09T22:55:36.155016+00:00,1689784995.5869372,0.457122337816868,-0.45043451705282933,-40.431577597996615,18.652501022310734,1689784995.5869372,18.195378684493864,146.484375,16384,2400000.0,0.0
1086,1690120812.0035303,1692520812.0035303,1690360812.0035303,1692280812.0035303,2026-07-09T22:55:36.214503+00:00,1691320812.0035303,0.5724212826345523,-0.3407071130995966,-51.889748605280666,19.19487051772287,1691320812.0035303,18.622449235088318,146.484375,16384,2400000.0,0.0
1087,1691656628.4201236,1694056628.4201236,1691896628.4201236,1693816628.4201236,2026-07-09T22:55:36.273414+00:00,1692856628.4201236,0.45653321559559557,-0.4210115836282521,-41.42874321195212,20.16897839558478,1692856628.4201236,19.712445179989185,146.484375,16384,2400000.0,0.0
1088,1693192444.8367167,1695592444.8367167,1693432444.8367167,1695352444.8367167,2026-07-09T22:55:36.332579+00:00,1694392444.8367167,0.5236430273540327,-0.3257755470441607,-41.54833867078618,19.125884773092004,1694392444.8367167,18.60224174573797,146.484375,16384,2400000.0,0.0
1089,1694728261.2533097,1697128261.2533097,1694968261.2533097,1696888261.2533097,2026-07-09T22:55:36.391473+00:00,1695928261.2533097,0.5503421519735565,-0.37905281394630214,-37.50794054515733,19.32363790614992,1695928261.2533097,18.773295754176363,146.484375,16384,2400000.0,0.0
1090,1696264077.6699028,1698664077.6699028,1696504077.6699028,1698424077.6699028,2026-07-09T22:55:36.449630+00:00,1697464077.6699028,0.4663664645832809,-0.3982896872636115,-40.55203457617529,19.1343989722508,1697464077.6699028,18.66803250766752,146.484375,16384,2400000.0,0.0
1091,1697799894.0864959,1700199894.0864959,1698039894.0864959,1699959894.0864959,2026-07-09T22:55:36.507948+00:00,1698999894.0864959,0.39954518486405577,-0.39419581335321624,-41.15405754305509,19.258940630157902,1698999894.0864959,18.859395445293845,146.484375,16384,2400000.0,0.0
1092,1699335710.503089,1701735710.503089,1699575710.503089,1701495710.503089,2026-07-09T22:55:36.566004+00:00,1700535710.503089,0.450757282716291,-0.4264381661142793,-45.61831979600359,16.6982512621094,1700535710.503089,16.24749397939311,146.484375,16384,2400000.0,0.0
1093,1700871526.9196823,1703271526.9196823,1701111526.9196823,1703031526.9196823,2026-07-09T22:55:36.625485+00:00,1702071526.9196823,0.46049982932396893,-0.38873228548710825,-55.27845742430986,20.07008436034408,1702071526.9196823,19.60958453102011,146.484375,16384,2400000.0,0.0
1094,1702407343.3362753,1704807343.3362753,1702647343.3362753,1704567343.3362753,2026-07-09T22:55:36.684387+00:00,1703607343.3362753,0.47728154857949406,-0.36060748912809304,-42.82018931547558,18.381318869164364,1703607343.3362753,17.90403732058487,146.484375,16384,2400000.0,0.0
1095,1703943159.7528684,1706343159.7528684,1704183159.7528684,1706103159.7528684,2026-07-09T22:55:36.743478+00:00,1705143159.7528684,0.4812571371311032,-0.4269488774059209,-45.357751607981626,19.731607369925,1705143159.7528684,19.2503502327939,146.484375,16384,2400000.0,0.0
1096,1705478976.1694615,1707878976.1694615,1705718976.1694615,1707638976.1694615,2026-07-09T22:55:36.801694+00:00,1706678976.1694615,0.4912261063682204,-0.41803033944215207,-46.17718798947677,19.517673918409564,1706678976.1694615,19.026447812041344,146.484375,16384,2400000.0,0.0
1097,1707014792.5860546,1709414792.5860546,1707254792.5860546,1709174792.5860546,2026-07-09T22:55:36.861292+00:00,1708214792.5860546,0.5249161374398837,-0.35583252455106484,-38.504162154568455,19.76756951158408,1708214792.5860546,19.242653374144197,146.484375,16384,2400000.0,0.0
1098,1708550609.0026476,1710950609.0026476,1708790609.0026476,1710710609.0026476,2026-07-09T22:55:36.919392+00:00,1709750609.0026476,0.46819480636286415,-0.4195907150535819,-38.43191654924946,18.987130948714462,1709750609.0026476,18.5189361423516,146.484375,16384,2400000.0,0.0
1099,1710086425.419241,1712486425.419241,1710326425.419241,1712246425.419241,2026-07-09T22:55:36.978451+00:00,1711286425.419241,0.5620467670385437,-0.35673374608270525,-40.94191925441837,17.886247139982558,1711286425.419241,17.324200372944013,146.484375,16384,2400000.0,0.0
1100,1711622241.835834,1714022241.835834,1711862241.835834,1713782241.835834,2026-07-09T22:55:37.036354+00:00,1712822241.835834,0.49024971643752135,-0.4160401273801481,-37.3277250825933,19.965054413273453,1712822241.835834,19.474804696835932,146.484375,16384,2400000.0,0.0
1101,1713158058.252427,1715558058.252427,1713398058.252427,1715318058.252427,2026-07-09T22:55:37.095580+00:00,1714358058.252427,0.48306739665507276,-0.38514310817926245,-44.38255179801229,20.313296497262815,1713600001.611802,19.830229100607742,146.484375,16384,2400000.0,0.0
1102,1714693874.6690202,1717093874.6690202,1714933874.6690202,1716853874.6690202,2026-07-09T22:55:37.155999+00:00,1715893874.6690202,0.4826620846485984,-0.4247319746874062,-37.525411343002204,19.335199383621728,1715893874.6690202,18.85253729897313,146.484375,16384,2400000.0,0.0
1103,1716229691.0856133,1718629691.0856133,1716469691.0856133,1718389691.0856133,2026-07-09T22:55:37.214056+00:00,1717429691.0856133,0.5042680546513578,-0.3510165605226295,-30.902131657857062,19.65694714069743,1717429691.0856133,19.15267908604607,146.484375,16384,2400000.0,0.0
1104,1717765507.5022066,1720165507.5022066,1718005507.5022066,1719925507.5022066,2026-07-09T22:55:37.272813+00:00,1718965507.5022066,0.5408582189078291,-0.3867501491072936,-40.192853834500546,18.702487047761863,1718965507.5022066,18.161628828854035,146.484375,16384,2400000.0,0.0
1105,1719301323.9187996,1721701323.9187996,1719541323.9187996,1721461323.9187996,2026-07-09T22:55:37.332513+00:00,1720501323.9187996,0.5397531714164494,-0.3120202448135013,-42.694295325908634,19.125371214026142,1720501323.9187996,18.585618042609692,146.484375,16384,2400000.0,0.0
1106,1720837140.3353927,1723237140.3353927,1721077140.3353927,1722997140.3353927,2026-07-09T22:55:37.391128+00:00,1722037140.3353927,0.5914682186476203,-0.28083402821005243,-39.73844577184043,20.17142831718626,1722037140.3353927,19.57996009853864,146.484375,16384,2400000.0,0.0
1107,1722372956.7519858,1724772956.7519858,1722612956.7519858,1724532956.7519858,2026-07-09T22:55:37.450265+00:00,1723572956.7519858,0.4323073196004713,-0.3730517934743798,-38.51169649237596,19.33234736698707,1723572956.7519858,18.900040047386597,146.484375,16384,2400000.0,0.0
1108,1723908773.1685789,1726308773.1685789,1724148773.1685789,1726068773.1685789,2026-07-09T22:55:37.508629+00:00,1725108773.1685789,0.5592769207008406,-0.29945479182269397,-46.93718325296723,19.938272377422614,1725108773.1685789,19.378995456721775,146.484375,16384,2400000.0,0.0
1109,1725444589.585172,1727844589.585172,1725684589.585172,1727604589.585172,2026-07-09T22:55:37.568861+00:00,1726644589.585172,0.5099613374337142,-0.3199336201190003,-35.790850171147675,18.119084806601816,1726644589.585172,17.6091234691681,146.484375,16384,2400000.0,0.0
1110,1726980406.0017653,1729380406.0017653,1727220406.0017653,1729140406.0017653,2026-07-09T22:55:37.627801+00:00,1728180406.0017653,0.48419633087799746,-0.47491923213980014,-44.12193722829343,18.595950367778226,1728180406.0017653,18.11175403690023,146.484375,16384,2400000.0,0.0
1111,1728516222.4183583,1730916222.4183583,1728756222.4183583,1730676222.4183583,2026-07-09T22:55:37.686374+00:00,1729716222.4183583,0.5711809429934659,-0.34043881869522946,-45.86812680329623,19.36066976672099,1729716222.4183583,18.789488823727524,146.484375,16384,2400000.0,0.0
1112,1730052038.8349514,1732452038.8349514,1730292038.8349514,1732212038.8349514,2026-07-09T22:55:37.744753+00:00,1731252038.8349514,0.6598562850912029,-0.22872806399433995,-57.20834486235034,20.706716727928864,1731252038.8349514,20.046860442837662,146.484375,16384,2400000.0,0.0
1113,1731587855.2515445,1733987855.2515445,1731827855.2515445,1733747855.2515445,2026-07-09T22:55:37.803453+00:00,1732787855.2515445,0.5208512614214846,-0.36995675050393506,-46.65001308468442,19.632347152946423,1732787855.2515445,19.11149589152494,146.484375,16384,2400000.0,0.0
1114,1733123671.6681376,1735523671.6681376,1733363671.6681376,1735283671.6681376,2026-07-09T22:55:37.862972+00:00,1734323671.6681376,0.5166920291826084,-0.3630014865535721,-40.36607738941184,18.599642605552695,1734323671.6681376,18.082950576370088,146.484375,16384,2400000.0,0.0
1115,1734659488.0847306,1737059488.0847306,1734899488.0847306,1736819488.0847306,2026-07-09T22:55:37.922617+00:00,1735859488.0847306,0.5433144324062238,-0.3144143425232559,-35.011897009691204,19.4973446272996,1735859488.0847306,18.954030194893377,146.484375,16384,2400000.0,0.0
1116,1736195304.501324,1738595304.501324,1736435304.501324,1738355304.501324,2026-07-09T22:55:37.981413+00:00,1737395304.501324,0.6166361157800035,-0.3152457952285108,-48.3046695590823,20.59719789306859,1737395304.501324,19.980561777288585,146.484375,16384,2400000.0,0.0
1117,1737731120.917917,1740131120.917917,1737971120.917917,1739891120.917917,2026-07-09T22:55:38.040728+00:00,1738931120.917917,0.5451396829946736,-0.33299204092002405,-39.708310891625715,19.71256518307944,1738931120.917917,19.167425500084768,146.484375,16384,2400000.0,0.0
1118,1739266937.33451,1741666937.33451,1739506937.33451,1741426937.33451,2026-07-09T22:55:38.100466+00:00,1740466937.33451,0.5040209689248909,-0.3774627927983458,-38.60336990186458,19.160623907919806,1740466937.33451,18.656602938994915,146.484375,16384,2400000.0,0.0
1119,1740802753.7511032,1743202753.7511032,1741042753.7511032,1742962753.7511032,2026-07-09T22:55:38.159521+00:00,1742002753.7511032,0.5602495207324445,-0.35032105370203637,-42.17499554205648,20.603690019740245,1742002753.7511032,20.0434404990078,146.484375,16384,2400000.0,0.0
1120,1742338570.1676962,1744738570.1676962,1742578570.1676962,1744498570.1676962,2026-07-09T22:55:38.218749+00:00,1743538570.1676962,0.619703163718345,-0.27212034590279244,-37.139822280529245,20.04980722623884,1743538570.1676962,19.430104062520495,146.484375,16384,2400000.0,0.0
1121,1743874386.5842893,1746274386.5842893,1744114386.5842893,1746034386.5842893,2026-07-09T22:55:38.278902+00:00,1745074386.5842893,0.6076490561966401,-0.2990391896573439,-37.53110665147264,18.126834460806506,1745074386.5842893,17.519185404609868,146.484375,16384,2400000.0,0.0
1122,1745410203.0008826,1747810203.0008826,1745650203.0008826,1747570203.0008826,2026-07-09T22:55:38.338214+00:00,1746610203.0008826,0.6572991016833315,-0.2296096821052629,-37.83883808113869,18.666709647098823,1746610203.0008826,18.00941054541549,146.484375,16384,2400000.0,0.0
1123,1746946019.4174757,1749346019.4174757,1747186019.4174757,1749106019.4174757,2026-07-09T22:55:38.397719+00:00,1748146019.4174757,0.548150243474857,-0.2802740740565993,-39.087907192376804,19.93335260476519,1748146019.4174757,19.385202361290332,146.484375,16384,2400000.0,0.0
1124,1748481835.8340688,1750881835.8340688,1748721835.8340688,1750641835.8340688,2026-07-09T22:55:38.456417+00:00,1749681835.8340688,0.5609849018813797,-0.30975941415587394,-34.55708945754302,18.891362612194587,1749681835.8340688,18.330377710313208,146.484375,16384,2400000.0,0.0
1125,1750017652.2506618,1752417652.2506618,1750257652.2506618,1752177652.2506618,2026-07-09T22:55:38.515334+00:00,1751217652.2506618,0.5549107809789194,-0.3639044650235945,-40.36861297590272,17.78054326839711,1751217652.2506618,17.225632487418192,146.484375,16384,2400000.0,0.0
1126,1751553468.667255,1753953468.667255,1751793468.667255,1753713468.667255,2026-07-09T22:55:38.575111+00:00,1752753468.667255,0.5881567316615584,-0.28812922260263163,-52.63276153471252,19.935116070930523,1752753468.667255,19.346959339268963,146.484375,16384,2400000.0,0.0
1127,1753089285.083848,1755489285.083848,1753329285.083848,1755249285.083848,2026-07-09T22:55:38.634549+00:00,1754289285.083848,0.6718625548690833,-0.20396126630464184,-47.49303494537319,18.521455540999547,1754289285.083848,17.849592986130464,146.484375,16384,2400000.0,0.0
1128,1754625101.5004413,1757025101.5004413,1754865101.5004413,1756785101.5004413,2026-07-09T22:55:38.692730+00:00,1755825101.5004413,0.6127024111483028,-0.21285284556247788,-40.11908268852817,19.979794780598723,1755825101.5004413,19.367092369450422,146.484375,16384,2400000.0,0.0
1129,1756160917.9170344,1758560917.9170344,1756400917.9170344,1758320917.9170344,2026-07-09T22:55:38.752012+00:00,1757360917.9170344,0.6504590440725513,-0.2693386751853699,-47.34139875855082,20.004629278176118,1757360917.9170344,19.354170234103567,146.484375,16384,2400000.0,0.0
1130,1757696734.3336275,1760096734.3336275,1757936734.3336275,1759856734.3336275,2026-07-09T22:55:38.810837+00:00,1758896734.3336275,0.6562225249265147,-0.23965635069450283,-36.147814716328504,18.910581618771516,1758896734.3336275,18.254359093845,146.484375,16384,2400000.0,0.0
1131,1759232550.7502205,1761632550.7502205,1759472550.7502205,1761392550.7502205,2026-07-09T22:55:38.869019+00:00,1760432550.7502205,0.670643142016981,-0.2100123624800125,-39.95291180782208,19.53736866907623,1760432550.7502205,18.86672552705925,146.484375,16384,2400000.0,0.0
1132,1760768367.1668136,1763168367.1668136,1761008367.1668136,1762928367.1668136,2026-07-09T22:55:38.928739+00:00,1761968367.1668136,0.5660146590326383,-0.3392053801772986,-37.10095528592409,20.098771079867788,1761968367.1668136,19.53275642083515,146.484375,16384,2400000.0,0.0
1133,1762304183.5834067,1764704183.5834067,1762544183.5834067,1764464183.5834067,2026-07-09T22:55:38.989013+00:00,1763504183.5834067,0.7493552563376505,-0.1562567529960382,-41.86161773756801,18.80507444434893,1763504183.5834067,18.055719188011278,146.484375,16384,2400000.0,0.0
1134,1763840000.0,1766240000.0,1764080000.0,1766000000.0,2026-07-09T22:55:39.047280+00:00,1765040000.0,0.6887030256677058,-0.23009541948149484,-57.19089605206011,19.112087223682334,1765040000.0,18.423384198014627,146.484375,16384,2400000.0,0.0
